invoice_id,account_id,month,segment,channel,region,currency,fx_rate_to_usd,gross_amount_native,refund_amount_native,gross_amount_usd,refund_amount_usd
INV-ACC-0001-2025-03,ACC-0001,2025-03,SMB,Organic,EMEA,USD,1.0,136.2,0.0,136.2,0.0
INV-ACC-0001-2025-04,ACC-0001,2025-04,SMB,Organic,EMEA,USD,1.0,137.56,0.0,137.56,0.0
INV-ACC-0001-2025-05,ACC-0001,2025-05,SMB,Organic,EMEA,USD,1.0,140.29,0.0,140.29,0.0
INV-ACC-0001-2025-06,ACC-0001,2025-06,SMB,Organic,EMEA,USD,1.0,143.01,0.0,143.01,0.0
INV-ACC-0002-2025-03,ACC-0002,2025-03,SMB,Organic,EMEA,USD,1.0,129.31,6.47,129.31,6.47
INV-ACC-0002-2025-04,ACC-0002,2025-04,SMB,Organic,EMEA,USD,1.0,129.31,0.0,129.31,0.0
INV-ACC-0002-2025-05,ACC-0002,2025-05,SMB,Organic,EMEA,USD,1.0,130.6,0.0,130.6,0.0
INV-ACC-0002-2025-06,ACC-0002,2025-06,SMB,Organic,EMEA,EUR,1.08,123.32,0.0,133.19,0.0
INV-ACC-0003-2025-02,ACC-0003,2025-02,SMB,Organic,NA,GBP,1.25,127.5,0.0,159.38,0.0
INV-ACC-0003-2025-03,ACC-0003,2025-03,SMB,Organic,NA,USD,1.0,162.56,0.0,162.56,0.0
INV-ACC-0003-2025-04,ACC-0003,2025-04,SMB,Organic,NA,USD,1.0,165.75,0.0,165.75,0.0
INV-ACC-0003-2025-05,ACC-0003,2025-05,SMB,Organic,NA,USD,1.0,168.93,8.45,168.93,8.45
INV-ACC-0003-2025-06,ACC-0003,2025-06,SMB,Organic,NA,GBP,1.25,137.7,0.0,172.12,0.0
INV-ACC-0004-2025-03,ACC-0004,2025-03,SMB,Organic,EMEA,USD,1.0,155.28,0.0,155.28,0.0
INV-ACC-0004-2025-04,ACC-0004,2025-04,SMB,Organic,EMEA,USD,1.0,155.28,0.0,155.28,0.0
INV-ACC-0004-2025-05,ACC-0004,2025-05,SMB,Organic,EMEA,USD,1.0,158.39,0.0,158.39,0.0
INV-ACC-0004-2025-06,ACC-0004,2025-06,SMB,Organic,EMEA,EUR,1.08,149.53,7.48,161.49,8.08
INV-ACC-0005-2025-05,ACC-0005,2025-05,SMB,Organic,NA,USD,1.0,143.07,0.0,143.07,0.0
INV-ACC-0005-2025-06,ACC-0005,2025-06,SMB,Organic,NA,GBP,1.25,116.75,0.0,145.94,0.0
INV-ACC-0006-2025-02,ACC-0006,2025-02,SMB,Organic,EMEA,USD,1.0,141.04,0.0,141.04,0.0
INV-ACC-0006-2025-03,ACC-0006,2025-03,SMB,Organic,EMEA,USD,1.0,142.45,0.0,142.45,0.0
INV-ACC-0006-2025-04,ACC-0006,2025-04,SMB,Organic,EMEA,USD,1.0,142.45,0.0,142.45,0.0
INV-ACC-0006-2025-05,ACC-0006,2025-05,SMB,Organic,EMEA,USD,1.0,145.27,0.0,145.27,0.0
INV-ACC-0006-2025-06,ACC-0006,2025-06,SMB,Organic,EMEA,EUR,1.08,137.12,0.0,148.09,0.0
INV-ACC-0007-2025-04,ACC-0007,2025-04,SMB,Organic,NA,EUR,1.08,129.33,0.0,139.68,0.0
INV-ACC-0007-2025-05,ACC-0007,2025-05,SMB,Organic,NA,EUR,1.08,129.33,0.0,139.68,0.0
INV-ACC-0008-2025-03,ACC-0008,2025-03,SMB,Organic,APAC,GBP,1.25,113.9,0.0,142.38,0.0
INV-ACC-0008-2025-04,ACC-0008,2025-04,SMB,Organic,APAC,USD,1.0,143.8,0.0,143.8,0.0
INV-ACC-0008-2025-05,ACC-0008,2025-05,SMB,Organic,APAC,USD,1.0,146.65,0.0,146.65,0.0
INV-ACC-0008-2025-06,ACC-0008,2025-06,SMB,Organic,APAC,USD,1.0,149.49,0.0,149.49,0.0
INV-ACC-0009-2025-03,ACC-0009,2025-03,SMB,Organic,APAC,USD,1.0,143.82,0.0,143.82,0.0
INV-ACC-0009-2025-04,ACC-0009,2025-04,SMB,Organic,APAC,USD,1.0,143.82,0.0,143.82,0.0
INV-ACC-0009-2025-05,ACC-0009,2025-05,SMB,Organic,APAC,USD,1.0,146.69,0.0,146.69,0.0
INV-ACC-0009-2025-06,ACC-0009,2025-06,SMB,Organic,APAC,USD,1.0,149.57,0.0,149.57,0.0
INV-ACC-0010-2025-01,ACC-0010,2025-01,SMB,Organic,EMEA,USD,1.0,138.15,0.0,138.15,0.0
INV-ACC-0010-2025-02,ACC-0010,2025-02,SMB,Organic,EMEA,USD,1.0,140.92,0.0,140.92,0.0
INV-ACC-0010-2025-03,ACC-0010,2025-03,SMB,Organic,EMEA,EUR,1.08,130.48,0.0,140.92,0.0
INV-ACC-0010-2025-04,ACC-0010,2025-04,SMB,Organic,EMEA,USD,1.0,142.3,0.0,142.3,0.0
INV-ACC-0010-2025-05,ACC-0010,2025-05,SMB,Organic,EMEA,USD,1.0,145.06,0.0,145.06,0.0
INV-ACC-0010-2025-06,ACC-0010,2025-06,SMB,Organic,EMEA,USD,1.0,147.82,0.0,147.82,0.0
INV-ACC-0011-2025-04,ACC-0011,2025-04,SMB,Organic,EMEA,USD,1.0,135.71,0.0,135.71,0.0
INV-ACC-0011-2025-05,ACC-0011,2025-05,SMB,Organic,EMEA,USD,1.0,138.43,0.0,138.43,0.0
INV-ACC-0011-2025-06,ACC-0011,2025-06,SMB,Organic,EMEA,USD,1.0,141.14,0.0,141.14,0.0
INV-ACC-0012-2025-02,ACC-0012,2025-02,SMB,Organic,NA,USD,1.0,162.34,0.0,162.34,0.0
INV-ACC-0012-2025-03,ACC-0012,2025-03,SMB,Organic,NA,USD,1.0,162.34,0.0,162.34,0.0
INV-ACC-0012-2025-04,ACC-0012,2025-04,SMB,Organic,NA,USD,1.0,160.72,0.0,160.72,0.0
INV-ACC-0012-2025-05,ACC-0012,2025-05,SMB,Organic,NA,USD,1.0,163.97,0.0,163.97,0.0
INV-ACC-0012-2025-06,ACC-0012,2025-06,SMB,Organic,NA,USD,1.0,167.21,0.0,167.21,0.0
INV-ACC-0013-2025-04,ACC-0013,2025-04,SMB,Organic,NA,USD,1.0,147.16,0.0,147.16,0.0
INV-ACC-0013-2025-05,ACC-0013,2025-05,SMB,Organic,NA,EUR,1.08,138.99,0.0,150.11,0.0
INV-ACC-0013-2025-06,ACC-0013,2025-06,SMB,Organic,NA,USD,1.0,153.05,0.0,153.05,0.0
INV-ACC-0014-2025-01,ACC-0014,2025-01,SMB,Organic,EMEA,USD,1.0,142.54,0.0,142.54,0.0
INV-ACC-0014-2025-02,ACC-0014,2025-02,SMB,Organic,EMEA,USD,1.0,142.54,0.0,142.54,0.0
INV-ACC-0014-2025-03,ACC-0014,2025-03,SMB,Organic,EMEA,USD,1.0,143.97,0.0,143.97,0.0
INV-ACC-0014-2025-04,ACC-0014,2025-04,SMB,Organic,EMEA,USD,1.0,143.97,0.0,143.97,0.0
INV-ACC-0014-2025-05,ACC-0014,2025-05,SMB,Organic,EMEA,USD,1.0,145.39,0.0,145.39,0.0
INV-ACC-0014-2025-06,ACC-0014,2025-06,SMB,Organic,EMEA,USD,1.0,148.24,0.0,148.24,0.0
INV-ACC-0015-2025-04,ACC-0015,2025-04,SMB,Organic,NA,USD,1.0,168.18,0.0,168.18,0.0
INV-ACC-0015-2025-05,ACC-0015,2025-05,SMB,Organic,NA,USD,1.0,171.54,0.0,171.54,0.0
INV-ACC-0015-2025-06,ACC-0015,2025-06,SMB,Organic,NA,USD,1.0,174.9,0.0,174.9,0.0
INV-ACC-0016-2025-02,ACC-0016,2025-02,SMB,Organic,EMEA,USD,1.0,154.79,0.0,154.79,0.0
INV-ACC-0016-2025-03,ACC-0016,2025-03,SMB,Organic,EMEA,USD,1.0,154.79,0.0,154.79,0.0
INV-ACC-0016-2025-04,ACC-0016,2025-04,SMB,Organic,EMEA,USD,1.0,153.24,0.0,153.24,0.0
INV-ACC-0016-2025-05,ACC-0016,2025-05,SMB,Organic,EMEA,USD,1.0,154.79,0.0,154.79,0.0
INV-ACC-0016-2025-06,ACC-0016,2025-06,SMB,Organic,EMEA,USD,1.0,157.89,0.0,157.89,0.0
INV-ACC-0017-2025-06,ACC-0017,2025-06,SMB,Organic,EMEA,EUR,1.08,125.98,0.0,136.06,0.0
INV-ACC-0018-2025-04,ACC-0018,2025-04,SMB,Organic,APAC,USD,1.0,126.66,0.0,126.66,0.0
INV-ACC-0018-2025-05,ACC-0018,2025-05,SMB,Organic,APAC,EUR,1.08,117.28,0.0,126.66,0.0
INV-ACC-0019-2025-05,ACC-0019,2025-05,SMB,Paid Search,NA,USD,1.0,156.78,0.0,156.78,0.0
INV-ACC-0019-2025-06,ACC-0019,2025-06,SMB,Paid Search,NA,USD,1.0,156.78,9.41,156.78,9.41
INV-ACC-0020-2025-04,ACC-0020,2025-04,SMB,Paid Search,APAC,USD,1.0,153.12,0.0,153.12,0.0
INV-ACC-0020-2025-05,ACC-0020,2025-05,SMB,Paid Search,APAC,USD,1.0,153.12,0.0,153.12,0.0
INV-ACC-0020-2025-06,ACC-0020,2025-06,SMB,Paid Search,APAC,USD,1.0,143.93,8.64,143.93,8.64
INV-ACC-0021-2025-05,ACC-0021,2025-05,SMB,Paid Search,EMEA,USD,1.0,145.64,0.0,145.64,0.0
INV-ACC-0021-2025-06,ACC-0021,2025-06,SMB,Paid Search,EMEA,USD,1.0,145.64,8.74,145.64,8.74
INV-ACC-0022-2025-03,ACC-0022,2025-03,SMB,Paid Search,NA,USD,1.0,171.75,0.0,171.75,0.0
INV-ACC-0022-2025-04,ACC-0022,2025-04,SMB,Paid Search,NA,USD,1.0,173.47,0.0,173.47,0.0
INV-ACC-0022-2025-05,ACC-0022,2025-05,SMB,Paid Search,NA,USD,1.0,173.47,0.0,173.47,0.0
INV-ACC-0022-2025-06,ACC-0022,2025-06,SMB,Paid Search,NA,USD,1.0,163.16,9.79,163.16,9.79
INV-ACC-0023-2025-03,ACC-0023,2025-03,SMB,Paid Search,EMEA,USD,1.0,153.65,0.0,153.65,0.0
INV-ACC-0023-2025-04,ACC-0023,2025-04,SMB,Paid Search,EMEA,USD,1.0,155.19,0.0,155.19,0.0
INV-ACC-0023-2025-05,ACC-0023,2025-05,SMB,Paid Search,EMEA,USD,1.0,155.19,0.0,155.19,0.0
INV-ACC-0023-2025-06,ACC-0023,2025-06,SMB,Paid Search,EMEA,EUR,1.08,135.16,8.11,145.97,8.76
INV-ACC-0024-2025-03,ACC-0024,2025-03,SMB,Paid Search,NA,GBP,1.25,123.61,0.0,154.51,0.0
INV-ACC-0024-2025-04,ACC-0024,2025-04,SMB,Paid Search,NA,EUR,1.08,143.07,0.0,154.52,0.0
INV-ACC-0024-2025-05,ACC-0024,2025-05,SMB,Paid Search,NA,USD,1.0,154.51,0.0,154.51,0.0
INV-ACC-0024-2025-06,ACC-0024,2025-06,SMB,Paid Search,NA,EUR,1.08,134.48,8.07,145.24,8.72
INV-ACC-0025-2025-03,ACC-0025,2025-03,SMB,Paid Search,NA,USD,1.0,151.23,0.0,151.23,0.0
INV-ACC-0025-2025-04,ACC-0025,2025-04,SMB,Paid Search,NA,USD,1.0,154.26,0.0,154.26,0.0
INV-ACC-0025-2025-05,ACC-0025,2025-05,SMB,Paid Search,NA,USD,1.0,154.26,0.0,154.26,0.0
INV-ACC-0025-2025-06,ACC-0025,2025-06,SMB,Paid Search,NA,USD,1.0,145.19,8.71,145.19,8.71
INV-ACC-0026-2025-02,ACC-0026,2025-02,SMB,Paid Search,EMEA,USD,1.0,171.25,5.14,171.25,5.14
INV-ACC-0026-2025-03,ACC-0026,2025-03,SMB,Paid Search,EMEA,GBP,1.25,139.74,0.0,174.68,0.0
INV-ACC-0026-2025-04,ACC-0026,2025-04,SMB,Paid Search,EMEA,USD,1.0,174.67,0.0,174.67,0.0
INV-ACC-0026-2025-05,ACC-0026,2025-05,SMB,Paid Search,EMEA,USD,1.0,174.67,0.0,174.67,0.0
INV-ACC-0026-2025-06,ACC-0026,2025-06,SMB,Paid Search,EMEA,USD,1.0,164.4,9.86,164.4,9.86
INV-ACC-0027-2025-03,ACC-0027,2025-03,SMB,Paid Search,EMEA,USD,1.0,140.84,0.0,140.84,0.0
INV-ACC-0027-2025-04,ACC-0027,2025-04,SMB,Paid Search,EMEA,EUR,1.08,130.41,0.0,140.84,0.0
INV-ACC-0027-2025-05,ACC-0027,2025-05,SMB,Paid Search,EMEA,USD,1.0,140.84,0.0,140.84,0.0
INV-ACC-0027-2025-06,ACC-0027,2025-06,SMB,Paid Search,EMEA,USD,1.0,132.39,7.94,132.39,7.94
INV-ACC-0028-2025-04,ACC-0028,2025-04,SMB,Paid Search,EMEA,GBP,1.25,117.06,0.0,146.32,0.0
INV-ACC-0028-2025-05,ACC-0028,2025-05,SMB,Paid Search,EMEA,USD,1.0,146.32,0.0,146.32,0.0
INV-ACC-0028-2025-06,ACC-0028,2025-06,SMB,Paid Search,EMEA,USD,1.0,137.54,8.25,137.54,8.25
INV-ACC-0029-2025-04,ACC-0029,2025-04,SMB,Paid Search,APAC,EUR,1.08,126.26,0.0,136.36,0.0
INV-ACC-0029-2025-05,ACC-0029,2025-05,SMB,Paid Search,APAC,USD,1.0,136.36,0.0,136.36,0.0
INV-ACC-0029-2025-06,ACC-0029,2025-06,SMB,Paid Search,APAC,USD,1.0,128.18,7.69,128.18,7.69
INV-ACC-0030-2025-02,ACC-0030,2025-02,SMB,Paid Search,NA,EUR,1.08,139.28,0.0,150.42,0.0
INV-ACC-0030-2025-03,ACC-0030,2025-03,SMB,Paid Search,NA,USD,1.0,151.92,0.0,151.92,0.0
INV-ACC-0030-2025-04,ACC-0030,2025-04,SMB,Paid Search,NA,USD,1.0,151.92,0.0,151.92,0.0
INV-ACC-0030-2025-05,ACC-0030,2025-05,SMB,Paid Search,NA,USD,1.0,151.92,0.0,151.92,0.0
INV-ACC-0030-2025-06,ACC-0030,2025-06,SMB,Paid Search,NA,USD,1.0,142.9,8.57,142.9,8.57
INV-ACC-0031-2025-01,ACC-0031,2025-01,SMB,Paid Search,NA,USD,1.0,175.6,0.0,175.6,0.0
INV-ACC-0031-2025-02,ACC-0031,2025-02,SMB,Paid Search,NA,EUR,1.08,162.59,0.0,175.6,0.0
INV-ACC-0031-2025-03,ACC-0031,2025-03,SMB,Paid Search,NA,EUR,1.08,164.22,0.0,177.36,0.0
INV-ACC-0031-2025-04,ACC-0031,2025-04,SMB,Paid Search,NA,USD,1.0,179.11,0.0,179.11,0.0
INV-ACC-0031-2025-05,ACC-0031,2025-05,SMB,Paid Search,NA,USD,1.0,179.11,8.96,179.11,8.96
INV-ACC-0031-2025-06,ACC-0031,2025-06,SMB,Paid Search,NA,USD,1.0,168.57,10.11,168.57,10.11
INV-ACC-0032-2025-03,ACC-0032,2025-03,SMB,Paid Search,NA,USD,1.0,162.98,0.0,162.98,0.0
INV-ACC-0032-2025-04,ACC-0032,2025-04,SMB,Paid Search,NA,USD,1.0,162.98,0.0,162.98,0.0
INV-ACC-0032-2025-05,ACC-0032,2025-05,SMB,Paid Search,NA,USD,1.0,161.35,0.0,161.35,0.0
INV-ACC-0032-2025-06,ACC-0032,2025-06,SMB,Paid Search,NA,USD,1.0,151.57,9.09,151.57,9.09
INV-ACC-0033-2025-05,ACC-0033,2025-05,SMB,Paid Search,EMEA,USD,1.0,141.78,0.0,141.78,0.0
INV-ACC-0033-2025-06,ACC-0033,2025-06,SMB,Paid Search,EMEA,GBP,1.25,113.43,6.81,141.79,8.51
INV-ACC-0034-2025-05,ACC-0034,2025-05,SMB,Paid Search,NA,USD,1.0,160.14,0.0,160.14,0.0
INV-ACC-0034-2025-06,ACC-0034,2025-06,SMB,Paid Search,NA,USD,1.0,160.14,9.61,160.14,9.61
INV-ACC-0035-2025-02,ACC-0035,2025-02,SMB,Paid Social,EMEA,USD,1.0,129.11,0.0,129.11,0.0
INV-ACC-0035-2025-03,ACC-0035,2025-03,SMB,Paid Social,EMEA,USD,1.0,129.11,0.0,129.11,0.0
INV-ACC-0035-2025-04,ACC-0035,2025-04,SMB,Paid Social,EMEA,USD,1.0,130.4,0.0,130.4,0.0
INV-ACC-0035-2025-05,ACC-0035,2025-05,SMB,Paid Social,EMEA,EUR,1.08,120.74,21.73,130.4,23.47
INV-ACC-0035-2025-06,ACC-0035,2025-06,SMB,Paid Social,EMEA,USD,1.0,107.16,19.29,107.16,19.29
INV-ACC-0036-2025-02,ACC-0036,2025-02,SMB,Paid Social,APAC,GBP,1.25,100.57,0.0,125.71,0.0
INV-ACC-0036-2025-03,ACC-0036,2025-03,SMB,Paid Social,APAC,USD,1.0,128.22,0.0,128.22,0.0
INV-ACC-0036-2025-04,ACC-0036,2025-04,SMB,Paid Social,APAC,USD,1.0,129.48,0.0,129.48,0.0
INV-ACC-0036-2025-05,ACC-0036,2025-05,SMB,Paid Social,APAC,EUR,1.08,119.89,0.0,129.48,0.0
INV-ACC-0036-2025-06,ACC-0036,2025-06,SMB,Paid Social,APAC,USD,1.0,106.85,0.0,106.85,0.0
INV-ACC-0037-2025-03,ACC-0037,2025-03,SMB,Paid Social,NA,USD,1.0,139.49,4.18,139.49,4.18
INV-ACC-0037-2025-04,ACC-0037,2025-04,SMB,Paid Social,NA,USD,1.0,142.28,0.0,142.28,0.0
INV-ACC-0037-2025-05,ACC-0037,2025-05,SMB,Paid Social,NA,USD,1.0,142.28,0.0,142.28,0.0
INV-ACC-0037-2025-06,ACC-0037,2025-06,SMB,Paid Social,NA,USD,1.0,117.17,0.0,117.17,0.0
INV-ACC-0038-2025-01,ACC-0038,2025-01,SMB,Paid Social,APAC,EUR,1.08,130.13,0.0,140.54,0.0
INV-ACC-0038-2025-02,ACC-0038,2025-02,SMB,Paid Social,APAC,USD,1.0,143.35,0.0,143.35,0.0
INV-ACC-0038-2025-03,ACC-0038,2025-03,SMB,Paid Social,APAC,USD,1.0,143.35,0.0,143.35,0.0
INV-ACC-0038-2025-04,ACC-0038,2025-04,SMB,Paid Social,APAC,USD,1.0,144.76,0.0,144.76,0.0
INV-ACC-0038-2025-05,ACC-0038,2025-05,SMB,Paid Social,APAC,USD,1.0,144.76,0.0,144.76,0.0
INV-ACC-0038-2025-06,ACC-0038,2025-06,SMB,Paid Social,APAC,USD,1.0,119.46,0.0,119.46,0.0
INV-ACC-0039-2025-03,ACC-0039,2025-03,SMB,Paid Social,APAC,EUR,1.08,109.65,0.0,118.42,0.0
INV-ACC-0039-2025-04,ACC-0039,2025-04,SMB,Paid Social,APAC,USD,1.0,118.42,0.0,118.42,0.0
INV-ACC-0039-2025-05,ACC-0039,2025-05,SMB,Paid Social,APAC,USD,1.0,118.42,0.0,118.42,0.0
INV-ACC-0039-2025-06,ACC-0039,2025-06,SMB,Paid Social,APAC,USD,1.0,97.1,0.0,97.1,0.0
INV-ACC-0040-2025-02,ACC-0040,2025-02,SMB,Paid Social,NA,USD,1.0,158.19,0.0,158.19,0.0
INV-ACC-0040-2025-03,ACC-0040,2025-03,SMB,Paid Social,NA,USD,1.0,161.36,0.0,161.36,0.0
INV-ACC-0040-2025-04,ACC-0040,2025-04,SMB,Paid Social,NA,EUR,1.08,149.41,0.0,161.36,0.0
INV-ACC-0040-2025-05,ACC-0040,2025-05,SMB,Paid Social,NA,USD,1.0,161.36,0.0,161.36,0.0
INV-ACC-0040-2025-06,ACC-0040,2025-06,SMB,Paid Social,NA,USD,1.0,132.88,0.0,132.88,0.0
INV-ACC-0041-2025-05,ACC-0041,2025-05,SMB,Paid Social,NA,USD,1.0,157.23,0.0,157.23,0.0
INV-ACC-0041-2025-06,ACC-0041,2025-06,SMB,Paid Social,NA,EUR,1.08,145.58,0.0,157.23,0.0
INV-ACC-0042-2025-04,ACC-0042,2025-04,SMB,Paid Social,APAC,USD,1.0,118.54,0.0,118.54,0.0
INV-ACC-0042-2025-05,ACC-0042,2025-05,SMB,Paid Social,APAC,USD,1.0,118.54,0.0,118.54,0.0
INV-ACC-0042-2025-06,ACC-0042,2025-06,SMB,Paid Social,APAC,EUR,1.08,90.0,0.0,97.2,0.0
INV-ACC-0043-2025-03,ACC-0043,2025-03,SMB,Paid Social,NA,USD,1.0,125.93,0.0,125.93,0.0
INV-ACC-0043-2025-04,ACC-0043,2025-04,SMB,Paid Social,NA,USD,1.0,125.93,0.0,125.93,0.0
INV-ACC-0043-2025-05,ACC-0043,2025-05,SMB,Paid Social,NA,USD,1.0,124.67,0.0,124.67,0.0
INV-ACC-0043-2025-06,ACC-0043,2025-06,SMB,Paid Social,NA,GBP,1.25,81.6,0.0,102.0,0.0
INV-ACC-0044-2025-02,ACC-0044,2025-02,SMB,Paid Social,NA,USD,1.0,126.56,0.0,126.56,0.0
INV-ACC-0044-2025-03,ACC-0044,2025-03,SMB,Paid Social,NA,USD,1.0,126.56,0.0,126.56,0.0
INV-ACC-0044-2025-04,ACC-0044,2025-04,SMB,Paid Social,NA,USD,1.0,125.3,0.0,125.3,0.0
INV-ACC-0044-2025-05,ACC-0044,2025-05,SMB,Paid Social,NA,GBP,1.25,100.24,0.0,125.3,0.0
INV-ACC-0044-2025-06,ACC-0044,2025-06,SMB,Paid Social,NA,GBP,1.25,82.01,0.0,102.51,0.0
INV-ACC-0045-2025-02,ACC-0045,2025-02,SMB,Paid Social,NA,USD,1.0,132.69,0.0,132.69,0.0
INV-ACC-0045-2025-03,ACC-0045,2025-03,SMB,Paid Social,NA,USD,1.0,134.02,0.0,134.02,0.0
INV-ACC-0045-2025-04,ACC-0045,2025-04,SMB,Paid Social,NA,USD,1.0,136.67,0.0,136.67,0.0
INV-ACC-0045-2025-05,ACC-0045,2025-05,SMB,Paid Social,NA,EUR,1.08,126.55,0.0,136.67,0.0
INV-ACC-0045-2025-06,ACC-0045,2025-06,SMB,Paid Social,NA,EUR,1.08,104.44,0.0,112.8,0.0
INV-ACC-0046-2025-02,ACC-0046,2025-02,SMB,Paid Social,EMEA,USD,1.0,124.69,0.0,124.69,0.0
INV-ACC-0046-2025-03,ACC-0046,2025-03,SMB,Paid Social,EMEA,USD,1.0,125.93,0.0,125.93,0.0
INV-ACC-0046-2025-04,ACC-0046,2025-04,SMB,Paid Social,EMEA,USD,1.0,127.18,0.0,127.18,0.0
INV-ACC-0046-2025-05,ACC-0046,2025-05,SMB,Paid Social,EMEA,GBP,1.25,101.74,18.31,127.17,22.89
INV-ACC-0046-2025-06,ACC-0046,2025-06,SMB,Paid Social,EMEA,EUR,1.08,96.98,17.46,104.74,18.86
INV-ACC-0047-2025-03,ACC-0047,2025-03,SMB,Paid Social,EMEA,USD,1.0,140.0,0.0,140.0,0.0
INV-ACC-0047-2025-04,ACC-0047,2025-04,SMB,Paid Social,EMEA,USD,1.0,141.41,0.0,141.41,0.0
INV-ACC-0047-2025-05,ACC-0047,2025-05,SMB,Paid Social,EMEA,USD,1.0,141.41,25.45,141.41,25.45
INV-ACC-0047-2025-06,ACC-0047,2025-06,SMB,Paid Social,EMEA,USD,1.0,116.2,20.92,116.2,20.92
INV-ACC-0048-2025-03,ACC-0048,2025-03,SMB,Paid Social,NA,USD,1.0,145.63,0.0,145.63,0.0
INV-ACC-0048-2025-04,ACC-0048,2025-04,SMB,Paid Social,NA,USD,1.0,145.63,0.0,145.63,0.0
INV-ACC-0048-2025-05,ACC-0048,2025-05,SMB,Paid Social,NA,USD,1.0,144.17,0.0,144.17,0.0
INV-ACC-0048-2025-06,ACC-0048,2025-06,SMB,Paid Social,NA,USD,1.0,117.96,0.0,117.96,0.0
INV-ACC-0049-2025-01,ACC-0049,2025-01,SMB,Paid Social,EMEA,USD,1.0,126.68,0.0,126.68,0.0
INV-ACC-0049-2025-02,ACC-0049,2025-02,SMB,Paid Social,EMEA,USD,1.0,129.22,0.0,129.22,0.0
INV-ACC-0049-2025-03,ACC-0049,2025-03,SMB,Paid Social,EMEA,USD,1.0,131.75,0.0,131.75,0.0
INV-ACC-0049-2025-04,ACC-0049,2025-04,SMB,Paid Social,EMEA,USD,1.0,134.28,0.0,134.28,0.0
INV-ACC-0049-2025-05,ACC-0049,2025-05,SMB,Paid Social,EMEA,USD,1.0,134.28,24.17,134.28,24.17
INV-ACC-0049-2025-06,ACC-0049,2025-06,SMB,Paid Social,EMEA,USD,1.0,111.48,20.07,111.48,20.07
INV-ACC-0050-2025-02,ACC-0050,2025-02,SMB,Paid Social,APAC,USD,1.0,116.68,0.0,116.68,0.0
INV-ACC-0050-2025-03,ACC-0050,2025-03,SMB,Paid Social,APAC,USD,1.0,116.68,0.0,116.68,0.0
INV-ACC-0050-2025-04,ACC-0050,2025-04,SMB,Paid Social,APAC,USD,1.0,115.51,0.0,115.51,0.0
INV-ACC-0050-2025-05,ACC-0050,2025-05,SMB,Paid Social,APAC,USD,1.0,115.51,0.0,115.51,0.0
INV-ACC-0050-2025-06,ACC-0050,2025-06,SMB,Paid Social,APAC,USD,1.0,94.51,0.0,94.51,0.0
INV-ACC-0051-2025-04,ACC-0051,2025-04,SMB,Paid Social,APAC,USD,1.0,137.15,0.0,137.15,0.0
INV-ACC-0051-2025-05,ACC-0051,2025-05,SMB,Paid Social,APAC,USD,1.0,137.15,6.86,137.15,6.86
INV-ACC-0051-2025-06,ACC-0051,2025-06,SMB,Paid Social,APAC,EUR,1.08,104.13,0.0,112.46,0.0
INV-ACC-0052-2025-02,ACC-0052,2025-02,SMB,Paid Social,NA,EUR,1.08,143.42,0.0,154.89,0.0
INV-ACC-0052-2025-03,ACC-0052,2025-03,SMB,Paid Social,NA,USD,1.0,157.99,0.0,157.99,0.0
INV-ACC-0052-2025-04,ACC-0052,2025-04,SMB,Paid Social,NA,USD,1.0,159.54,0.0,159.54,0.0
INV-ACC-0052-2025-05,ACC-0052,2025-05,SMB,Paid Social,NA,USD,1.0,159.54,0.0,159.54,0.0
INV-ACC-0052-2025-06,ACC-0052,2025-06,SMB,Paid Social,NA,GBP,1.25,105.33,0.0,131.66,0.0
INV-ACC-0053-2025-03,ACC-0053,2025-03,SMB,Paid Social,EMEA,USD,1.0,124.89,0.0,124.89,0.0
INV-ACC-0053-2025-04,ACC-0053,2025-04,SMB,Paid Social,EMEA,GBP,1.25,99.91,0.0,124.89,0.0
INV-ACC-0053-2025-05,ACC-0053,2025-05,SMB,Paid Social,EMEA,USD,1.0,123.64,22.26,123.64,22.26
INV-ACC-0053-2025-06,ACC-0053,2025-06,SMB,Paid Social,EMEA,USD,1.0,101.16,18.21,101.16,18.21
INV-ACC-0054-2025-05,ACC-0054,2025-05,SMB,Paid Social,NA,GBP,1.25,124.35,0.0,155.44,0.0
INV-ACC-0054-2025-06,ACC-0054,2025-06,SMB,Paid Social,NA,USD,1.0,155.43,0.0,155.43,0.0
INV-ACC-0055-2025-03,ACC-0055,2025-03,SMB,Paid Social,APAC,USD,1.0,113.15,0.0,113.15,0.0
INV-ACC-0055-2025-04,ACC-0055,2025-04,SMB,Paid Social,APAC,GBP,1.25,90.52,0.0,113.15,0.0
INV-ACC-0055-2025-05,ACC-0055,2025-05,SMB,Paid Social,APAC,EUR,1.08,103.72,0.0,112.02,0.0
INV-ACC-0055-2025-06,ACC-0055,2025-06,SMB,Paid Social,APAC,USD,1.0,91.65,0.0,91.65,0.0
INV-ACC-0056-2025-04,ACC-0056,2025-04,SMB,Paid Social,NA,USD,1.0,149.77,0.0,149.77,0.0
INV-ACC-0056-2025-05,ACC-0056,2025-05,SMB,Paid Social,NA,USD,1.0,149.77,0.0,149.77,0.0
INV-ACC-0056-2025-06,ACC-0056,2025-06,SMB,Paid Social,NA,USD,1.0,122.81,0.0,122.81,0.0
INV-ACC-0057-2025-05,ACC-0057,2025-05,SMB,Partner,EMEA,EUR,1.08,133.35,0.0,144.02,0.0
INV-ACC-0057-2025-06,ACC-0057,2025-06,SMB,Partner,EMEA,USD,1.0,144.02,0.0,144.02,0.0
INV-ACC-0058-2025-03,ACC-0058,2025-03,SMB,Partner,APAC,USD,1.0,155.28,0.0,155.28,0.0
INV-ACC-0058-2025-04,ACC-0058,2025-04,SMB,Partner,APAC,USD,1.0,158.38,0.0,158.38,0.0
INV-ACC-0058-2025-05,ACC-0058,2025-05,SMB,Partner,APAC,EUR,1.08,146.65,0.0,158.38,0.0
INV-ACC-0058-2025-06,ACC-0058,2025-06,SMB,Partner,APAC,USD,1.0,159.94,0.0,159.94,0.0
INV-ACC-0059-2025-03,ACC-0059,2025-03,SMB,Partner,NA,USD,1.0,185.58,0.0,185.58,0.0
INV-ACC-0059-2025-04,ACC-0059,2025-04,SMB,Partner,NA,USD,1.0,187.44,0.0,187.44,0.0
INV-ACC-0059-2025-05,ACC-0059,2025-05,SMB,Partner,NA,USD,1.0,187.44,0.0,187.44,0.0
INV-ACC-0059-2025-06,ACC-0059,2025-06,SMB,Partner,NA,USD,1.0,187.44,0.0,187.44,0.0
INV-ACC-0060-2025-01,ACC-0060,2025-01,SMB,Partner,EMEA,GBP,1.25,120.68,0.0,150.85,0.0
INV-ACC-0060-2025-02,ACC-0060,2025-02,SMB,Partner,EMEA,USD,1.0,153.87,0.0,153.87,0.0
INV-ACC-0060-2025-03,ACC-0060,2025-03,SMB,Partner,EMEA,USD,1.0,153.87,0.0,153.87,0.0
INV-ACC-0060-2025-04,ACC-0060,2025-04,SMB,Partner,EMEA,EUR,1.08,143.87,0.0,155.38,0.0
INV-ACC-0060-2025-05,ACC-0060,2025-05,SMB,Partner,EMEA,USD,1.0,156.89,0.0,156.89,0.0
INV-ACC-0060-2025-06,ACC-0060,2025-06,SMB,Partner,EMEA,EUR,1.08,148.06,0.0,159.9,0.0
INV-ACC-0061-2025-05,ACC-0061,2025-05,SMB,Partner,NA,USD,1.0,184.16,0.0,184.16,0.0
INV-ACC-0061-2025-06,ACC-0061,2025-06,SMB,Partner,NA,USD,1.0,184.16,0.0,184.16,0.0
INV-ACC-0062-2025-02,ACC-0062,2025-02,SMB,Partner,APAC,USD,1.0,161.0,0.0,161.0,0.0
INV-ACC-0062-2025-03,ACC-0062,2025-03,SMB,Partner,APAC,GBP,1.25,131.37,0.0,164.21,0.0
INV-ACC-0062-2025-04,ACC-0062,2025-04,SMB,Partner,APAC,USD,1.0,164.22,0.0,164.22,0.0
INV-ACC-0062-2025-05,ACC-0062,2025-05,SMB,Partner,APAC,EUR,1.08,155.03,0.0,167.43,0.0
INV-ACC-0062-2025-06,ACC-0062,2025-06,SMB,Partner,APAC,EUR,1.08,155.03,0.0,167.43,0.0
INV-ACC-0063-2025-05,ACC-0063,2025-05,SMB,Partner,NA,USD,1.0,155.07,0.0,155.07,0.0
INV-ACC-0063-2025-06,ACC-0063,2025-06,SMB,Partner,NA,EUR,1.08,143.58,4.31,155.07,4.65
INV-ACC-0064-2025-05,ACC-0064,2025-05,SMB,Partner,EMEA,USD,1.0,148.9,0.0,148.9,0.0
INV-ACC-0064-2025-06,ACC-0064,2025-06,SMB,Partner,EMEA,EUR,1.08,137.87,0.0,148.9,0.0
INV-ACC-0065-2025-03,ACC-0065,2025-03,Mid-Market,Organic,APAC,USD,1.0,815.32,0.0,815.32,0.0
INV-ACC-0065-2025-04,ACC-0065,2025-04,Mid-Market,Organic,APAC,USD,1.0,815.32,0.0,815.32,0.0
INV-ACC-0065-2025-05,ACC-0065,2025-05,Mid-Market,Organic,APAC,USD,1.0,831.63,0.0,831.63,0.0
INV-ACC-0065-2025-06,ACC-0065,2025-06,Mid-Market,Organic,APAC,USD,1.0,856.09,0.0,856.09,0.0
INV-ACC-0066-2025-03,ACC-0066,2025-03,Mid-Market,Organic,NA,GBP,1.25,790.23,0.0,987.79,0.0
INV-ACC-0066-2025-04,ACC-0066,2025-04,Mid-Market,Organic,NA,USD,1.0,987.79,0.0,987.79,0.0
INV-ACC-0066-2025-05,ACC-0066,2025-05,Mid-Market,Organic,NA,USD,1.0,1007.54,0.0,1007.54,0.0
INV-ACC-0066-2025-06,ACC-0066,2025-06,Mid-Market,Organic,NA,USD,1.0,1037.18,0.0,1037.18,0.0
INV-ACC-0067-2025-03,ACC-0067,2025-03,Mid-Market,Organic,EMEA,USD,1.0,897.41,0.0,897.41,0.0
INV-ACC-0067-2025-04,ACC-0067,2025-04,Mid-Market,Organic,EMEA,EUR,1.08,839.24,0.0,906.38,0.0
INV-ACC-0067-2025-05,ACC-0067,2025-05,Mid-Market,Organic,EMEA,USD,1.0,933.31,0.0,933.31,0.0
INV-ACC-0067-2025-06,ACC-0067,2025-06,Mid-Market,Organic,EMEA,USD,1.0,960.23,0.0,960.23,0.0
INV-ACC-0068-2025-03,ACC-0068,2025-03,Mid-Market,Organic,APAC,GBP,1.25,726.22,0.0,907.78,0.0
INV-ACC-0068-2025-04,ACC-0068,2025-04,Mid-Market,Organic,APAC,EUR,1.08,848.94,0.0,916.86,0.0
INV-ACC-0068-2025-05,ACC-0068,2025-05,Mid-Market,Organic,APAC,USD,1.0,944.09,0.0,944.09,0.0
INV-ACC-0068-2025-06,ACC-0068,2025-06,Mid-Market,Organic,APAC,GBP,1.25,777.06,0.0,971.32,0.0
INV-ACC-0069-2025-03,ACC-0069,2025-03,Mid-Market,Organic,EMEA,EUR,1.08,989.47,0.0,1068.63,0.0
INV-ACC-0069-2025-04,ACC-0069,2025-04,Mid-Market,Organic,EMEA,USD,1.0,1068.63,0.0,1068.63,0.0
INV-ACC-0069-2025-05,ACC-0069,2025-05,Mid-Market,Organic,EMEA,USD,1.0,1100.69,0.0,1100.69,0.0
INV-ACC-0069-2025-06,ACC-0069,2025-06,Mid-Market,Organic,EMEA,USD,1.0,1132.75,0.0,1132.75,0.0
INV-ACC-0070-2025-03,ACC-0070,2025-03,Mid-Market,Organic,NA,USD,1.0,1029.98,0.0,1029.98,0.0
INV-ACC-0070-2025-04,ACC-0070,2025-04,Mid-Market,Organic,NA,EUR,1.08,972.76,0.0,1050.58,0.0
INV-ACC-0070-2025-05,ACC-0070,2025-05,Mid-Market,Organic,NA,USD,1.0,1081.48,0.0,1081.48,0.0
INV-ACC-0070-2025-06,ACC-0070,2025-06,Mid-Market,Organic,NA,USD,1.0,1112.38,0.0,1112.38,0.0
INV-ACC-0071-2025-03,ACC-0071,2025-03,Mid-Market,Organic,APAC,USD,1.0,1023.5,51.18,1023.5,51.18
INV-ACC-0071-2025-04,ACC-0071,2025-04,Mid-Market,Organic,APAC,USD,1.0,1023.5,0.0,1023.5,0.0
INV-ACC-0071-2025-05,ACC-0071,2025-05,Mid-Market,Organic,APAC,USD,1.0,1054.2,0.0,1054.2,0.0
INV-ACC-0071-2025-06,ACC-0071,2025-06,Mid-Market,Organic,APAC,USD,1.0,1084.91,0.0,1084.91,0.0
INV-ACC-0072-2025-04,ACC-0072,2025-04,Mid-Market,Organic,APAC,USD,1.0,1012.51,0.0,1012.51,0.0
INV-ACC-0072-2025-05,ACC-0072,2025-05,Mid-Market,Organic,APAC,USD,1.0,1042.89,0.0,1042.89,0.0
INV-ACC-0072-2025-06,ACC-0072,2025-06,Mid-Market,Organic,APAC,USD,1.0,1073.26,0.0,1073.26,0.0
INV-ACC-0073-2025-05,ACC-0073,2025-05,Mid-Market,Organic,EMEA,USD,1.0,925.22,0.0,925.22,0.0
INV-ACC-0073-2025-06,ACC-0073,2025-06,Mid-Market,Organic,EMEA,GBP,1.25,762.38,0.0,952.98,0.0
INV-ACC-0074-2025-06,ACC-0074,2025-06,Mid-Market,Organic,NA,USD,1.0,1087.03,0.0,1087.03,0.0
INV-ACC-0075-2025-03,ACC-0075,2025-03,Mid-Market,Paid Search,NA,USD,1.0,1020.32,0.0,1020.32,0.0
INV-ACC-0075-2025-04,ACC-0075,2025-04,Mid-Market,Paid Search,NA,USD,1.0,1020.32,0.0,1020.32,0.0
INV-ACC-0075-2025-05,ACC-0075,2025-05,Mid-Market,Paid Search,NA,USD,1.0,1040.72,0.0,1040.72,0.0
INV-ACC-0075-2025-06,ACC-0075,2025-06,Mid-Market,Paid Search,NA,USD,1.0,1061.13,63.67,1061.13,63.67
INV-ACC-0076-2025-04,ACC-0076,2025-04,Mid-Market,Paid Search,NA,USD,1.0,1122.35,0.0,1122.35,0.0
INV-ACC-0076-2025-05,ACC-0076,2025-05,Mid-Market,Paid Search,NA,GBP,1.25,897.88,0.0,1122.35,0.0
INV-ACC-0076-2025-06,ACC-0076,2025-06,Mid-Market,Paid Search,NA,EUR,1.08,1039.22,62.35,1122.36,67.34
INV-ACC-0077-2025-03,ACC-0077,2025-03,Mid-Market,Paid Search,EMEA,GBP,1.25,821.03,0.0,1026.29,0.0
INV-ACC-0077-2025-04,ACC-0077,2025-04,Mid-Market,Paid Search,EMEA,USD,1.0,1046.82,0.0,1046.82,0.0
INV-ACC-0077-2025-05,ACC-0077,2025-05,Mid-Market,Paid Search,EMEA,USD,1.0,1046.82,0.0,1046.82,0.0
INV-ACC-0077-2025-06,ACC-0077,2025-06,Mid-Market,Paid Search,EMEA,USD,1.0,1036.55,62.19,1036.55,62.19
INV-ACC-0078-2025-03,ACC-0078,2025-03,Mid-Market,Paid Search,EMEA,USD,1.0,975.16,0.0,975.16,0.0
INV-ACC-0078-2025-04,ACC-0078,2025-04,Mid-Market,Paid Search,EMEA,EUR,1.08,902.93,0.0,975.16,0.0
INV-ACC-0078-2025-05,ACC-0078,2025-05,Mid-Market,Paid Search,EMEA,GBP,1.25,780.13,0.0,975.16,0.0
INV-ACC-0078-2025-06,ACC-0078,2025-06,Mid-Market,Paid Search,EMEA,USD,1.0,984.91,59.09,984.91,59.09
INV-ACC-0079-2025-02,ACC-0079,2025-02,Mid-Market,Paid Search,APAC,USD,1.0,1082.95,0.0,1082.95,0.0
INV-ACC-0079-2025-03,ACC-0079,2025-03,Mid-Market,Paid Search,APAC,USD,1.0,1082.95,0.0,1082.95,0.0
INV-ACC-0079-2025-04,ACC-0079,2025-04,Mid-Market,Paid Search,APAC,USD,1.0,1104.61,0.0,1104.61,0.0
INV-ACC-0079-2025-05,ACC-0079,2025-05,Mid-Market,Paid Search,APAC,USD,1.0,1126.27,0.0,1126.27,0.0
INV-ACC-0079-2025-06,ACC-0079,2025-06,Mid-Market,Paid Search,APAC,GBP,1.25,901.02,54.06,1126.28,67.58
INV-ACC-0080-2025-02,ACC-0080,2025-02,Mid-Market,Paid Search,EMEA,USD,1.0,1041.31,0.0,1041.31,0.0
INV-ACC-0080-2025-03,ACC-0080,2025-03,Mid-Market,Paid Search,EMEA,USD,1.0,1051.72,0.0,1051.72,0.0
INV-ACC-0080-2025-04,ACC-0080,2025-04,Mid-Market,Paid Search,EMEA,USD,1.0,1062.13,0.0,1062.13,0.0
INV-ACC-0080-2025-05,ACC-0080,2025-05,Mid-Market,Paid Search,EMEA,EUR,1.08,993.1,0.0,1072.55,0.0
INV-ACC-0080-2025-06,ACC-0080,2025-06,Mid-Market,Paid Search,EMEA,USD,1.0,1082.96,64.98,1082.96,64.98
INV-ACC-0081-2025-05,ACC-0081,2025-05,Mid-Market,Paid Search,EMEA,USD,1.0,934.55,0.0,934.55,0.0
INV-ACC-0081-2025-06,ACC-0081,2025-06,Mid-Market,Paid Search,EMEA,GBP,1.25,762.59,45.76,953.24,57.2
INV-ACC-0082-2025-01,ACC-0082,2025-01,Mid-Market,Paid Search,EMEA,USD,1.0,1098.27,0.0,1098.27,0.0
INV-ACC-0082-2025-02,ACC-0082,2025-02,Mid-Market,Paid Search,EMEA,USD,1.0,1098.27,0.0,1098.27,0.0
INV-ACC-0082-2025-03,ACC-0082,2025-03,Mid-Market,Paid Search,EMEA,USD,1.0,1109.26,0.0,1109.26,0.0
INV-ACC-0082-2025-04,ACC-0082,2025-04,Mid-Market,Paid Search,EMEA,USD,1.0,1120.24,0.0,1120.24,0.0
INV-ACC-0082-2025-05,ACC-0082,2025-05,Mid-Market,Paid Search,EMEA,GBP,1.25,904.98,0.0,1131.22,0.0
INV-ACC-0082-2025-06,ACC-0082,2025-06,Mid-Market,Paid Search,EMEA,USD,1.0,1142.21,68.53,1142.21,68.53
INV-ACC-0083-2025-04,ACC-0083,2025-04,Mid-Market,Paid Search,EMEA,USD,1.0,1011.58,0.0,1011.58,0.0
INV-ACC-0083-2025-05,ACC-0083,2025-05,Mid-Market,Paid Search,EMEA,USD,1.0,1011.58,0.0,1011.58,0.0
INV-ACC-0083-2025-06,ACC-0083,2025-06,Mid-Market,Paid Search,EMEA,USD,1.0,1021.7,61.3,1021.7,61.3
INV-ACC-0084-2025-04,ACC-0084,2025-04,Mid-Market,Paid Social,APAC,USD,1.0,837.5,0.0,837.5,0.0
INV-ACC-0084-2025-05,ACC-0084,2025-05,Mid-Market,Paid Social,APAC,USD,1.0,854.25,0.0,854.25,0.0
INV-ACC-0084-2025-06,ACC-0084,2025-06,Mid-Market,Paid Social,APAC,USD,1.0,862.63,0.0,862.63,0.0
INV-ACC-0085-2025-05,ACC-0085,2025-05,Mid-Market,Paid Social,NA,USD,1.0,1021.17,0.0,1021.17,0.0
INV-ACC-0085-2025-06,ACC-0085,2025-06,Mid-Market,Paid Social,NA,USD,1.0,1041.59,0.0,1041.59,0.0
INV-ACC-0086-2025-05,ACC-0086,2025-05,Mid-Market,Paid Social,NA,EUR,1.08,860.34,0.0,929.17,0.0
INV-ACC-0086-2025-06,ACC-0086,2025-06,Mid-Market,Paid Social,NA,USD,1.0,929.17,0.0,929.17,0.0
INV-ACC-0087-2025-03,ACC-0087,2025-03,Mid-Market,Paid Social,EMEA,USD,1.0,981.73,0.0,981.73,0.0
INV-ACC-0087-2025-04,ACC-0087,2025-04,Mid-Market,Paid Social,EMEA,USD,1.0,1001.36,0.0,1001.36,0.0
INV-ACC-0087-2025-05,ACC-0087,2025-05,Mid-Market,Paid Social,EMEA,USD,1.0,1011.18,0.0,1011.18,0.0
INV-ACC-0087-2025-06,ACC-0087,2025-06,Mid-Market,Paid Social,EMEA,GBP,1.25,808.94,0.0,1011.18,0.0
INV-ACC-0088-2025-03,ACC-0088,2025-03,Mid-Market,Paid Social,NA,USD,1.0,863.14,0.0,863.14,0.0
INV-ACC-0088-2025-04,ACC-0088,2025-04,Mid-Market,Paid Social,NA,USD,1.0,863.14,0.0,863.14,0.0
INV-ACC-0088-2025-05,ACC-0088,2025-05,Mid-Market,Paid Social,NA,USD,1.0,871.78,0.0,871.78,0.0
INV-ACC-0088-2025-06,ACC-0088,2025-06,Mid-Market,Paid Social,NA,USD,1.0,871.78,0.0,871.78,0.0
INV-ACC-0089-2025-05,ACC-0089,2025-05,Mid-Market,Paid Social,NA,USD,1.0,935.16,0.0,935.16,0.0
INV-ACC-0089-2025-06,ACC-0089,2025-06,Mid-Market,Paid Social,NA,USD,1.0,935.16,0.0,935.16,0.0
INV-ACC-0090-2025-04,ACC-0090,2025-04,Mid-Market,Paid Social,NA,USD,1.0,915.49,0.0,915.49,0.0
INV-ACC-0090-2025-05,ACC-0090,2025-05,Mid-Market,Paid Social,NA,EUR,1.08,864.63,0.0,933.8,0.0
INV-ACC-0090-2025-06,ACC-0090,2025-06,Mid-Market,Paid Social,NA,USD,1.0,933.8,0.0,933.8,0.0
INV-ACC-0091-2025-04,ACC-0091,2025-04,Mid-Market,Partner,NA,GBP,1.25,1046.97,0.0,1308.71,0.0
INV-ACC-0091-2025-05,ACC-0091,2025-05,Mid-Market,Partner,NA,EUR,1.08,1308.71,0.0,1413.41,0.0
INV-ACC-0091-2025-06,ACC-0091,2025-06,Mid-Market,Partner,NA,USD,1.0,1518.11,0.0,1518.11,0.0
INV-ACC-0092-2025-02,ACC-0092,2025-02,Mid-Market,Partner,EMEA,USD,1.0,1212.52,0.0,1212.52,0.0
INV-ACC-0092-2025-03,ACC-0092,2025-03,Mid-Market,Partner,EMEA,USD,1.0,1236.77,0.0,1236.77,0.0
INV-ACC-0092-2025-04,ACC-0092,2025-04,Mid-Market,Partner,EMEA,USD,1.0,1333.77,0.0,1333.77,0.0
INV-ACC-0092-2025-05,ACC-0092,2025-05,Mid-Market,Partner,EMEA,EUR,1.08,1324.79,0.0,1430.77,0.0
INV-ACC-0092-2025-06,ACC-0092,2025-06,Mid-Market,Partner,EMEA,EUR,1.08,1414.6,0.0,1527.77,0.0
INV-ACC-0093-2025-05,ACC-0093,2025-05,Mid-Market,Partner,NA,USD,1.0,1190.7,0.0,1190.7,0.0
INV-ACC-0093-2025-06,ACC-0093,2025-06,Mid-Market,Partner,NA,USD,1.0,1285.95,0.0,1285.95,0.0
INV-ACC-0094-2025-03,ACC-0094,2025-03,Mid-Market,Partner,NA,USD,1.0,1325.69,0.0,1325.69,0.0
INV-ACC-0094-2025-04,ACC-0094,2025-04,Mid-Market,Partner,NA,USD,1.0,1431.74,0.0,1431.74,0.0
INV-ACC-0094-2025-05,ACC-0094,2025-05,Mid-Market,Partner,NA,USD,1.0,1537.8,0.0,1537.8,0.0
INV-ACC-0094-2025-06,ACC-0094,2025-06,Mid-Market,Partner,NA,EUR,1.08,1522.08,0.0,1643.85,0.0
INV-ACC-0095-2025-03,ACC-0095,2025-03,Mid-Market,Partner,EMEA,USD,1.0,1342.01,0.0,1342.01,0.0
INV-ACC-0095-2025-04,ACC-0095,2025-04,Mid-Market,Partner,EMEA,USD,1.0,1449.37,0.0,1449.37,0.0
INV-ACC-0095-2025-05,ACC-0095,2025-05,Mid-Market,Partner,EMEA,USD,1.0,1556.73,0.0,1556.73,0.0
INV-ACC-0095-2025-06,ACC-0095,2025-06,Mid-Market,Partner,EMEA,EUR,1.08,1540.83,0.0,1664.1,0.0
INV-ACC-0096-2025-04,ACC-0096,2025-04,Mid-Market,Partner,NA,USD,1.0,1282.3,0.0,1282.3,0.0
INV-ACC-0096-2025-05,ACC-0096,2025-05,Mid-Market,Partner,NA,USD,1.0,1384.88,0.0,1384.88,0.0
INV-ACC-0096-2025-06,ACC-0096,2025-06,Mid-Market,Partner,NA,USD,1.0,1487.47,0.0,1487.47,0.0
INV-ACC-0097-2025-05,ACC-0097,2025-05,Mid-Market,Partner,NA,EUR,1.08,1298.65,0.0,1402.54,0.0
INV-ACC-0097-2025-06,ACC-0097,2025-06,Mid-Market,Partner,NA,USD,1.0,1514.74,0.0,1514.74,0.0
INV-ACC-0098-2025-01,ACC-0098,2025-01,Mid-Market,Partner,NA,USD,1.0,1160.2,0.0,1160.2,0.0
INV-ACC-0098-2025-02,ACC-0098,2025-02,Mid-Market,Partner,NA,USD,1.0,1171.8,0.0,1171.8,0.0
INV-ACC-0098-2025-03,ACC-0098,2025-03,Mid-Market,Partner,NA,USD,1.0,1171.8,0.0,1171.8,0.0
INV-ACC-0098-2025-04,ACC-0098,2025-04,Mid-Market,Partner,NA,USD,1.0,1253.02,0.0,1253.02,0.0
INV-ACC-0098-2025-05,ACC-0098,2025-05,Mid-Market,Partner,NA,USD,1.0,1345.83,0.0,1345.83,0.0
INV-ACC-0098-2025-06,ACC-0098,2025-06,Mid-Market,Partner,NA,GBP,1.25,1150.92,0.0,1438.65,0.0
INV-ACC-0099-2025-01,ACC-0099,2025-01,Mid-Market,Partner,APAC,USD,1.0,1263.52,0.0,1263.52,0.0
INV-ACC-0099-2025-02,ACC-0099,2025-02,Mid-Market,Partner,APAC,USD,1.0,1263.52,0.0,1263.52,0.0
INV-ACC-0099-2025-03,ACC-0099,2025-03,Mid-Market,Partner,APAC,USD,1.0,1263.52,0.0,1263.52,0.0
INV-ACC-0099-2025-04,ACC-0099,2025-04,Mid-Market,Partner,APAC,USD,1.0,1364.6,0.0,1364.6,0.0
INV-ACC-0099-2025-05,ACC-0099,2025-05,Mid-Market,Partner,APAC,EUR,1.08,1357.11,0.0,1465.68,0.0
INV-ACC-0099-2025-06,ACC-0099,2025-06,Mid-Market,Partner,APAC,USD,1.0,1566.76,0.0,1566.76,0.0
INV-ACC-0100-2025-03,ACC-0100,2025-03,Mid-Market,Partner,EMEA,EUR,1.08,1033.28,0.0,1115.94,0.0
INV-ACC-0100-2025-04,ACC-0100,2025-04,Mid-Market,Partner,EMEA,USD,1.0,1205.22,0.0,1205.22,0.0
INV-ACC-0100-2025-05,ACC-0100,2025-05,Mid-Market,Partner,EMEA,EUR,1.08,1198.6,0.0,1294.49,0.0
INV-ACC-0100-2025-06,ACC-0100,2025-06,Mid-Market,Partner,EMEA,USD,1.0,1383.77,0.0,1383.77,0.0
INV-ACC-0101-2025-06,ACC-0101,2025-06,Mid-Market,Partner,APAC,EUR,1.08,992.97,0.0,1072.41,0.0
INV-ACC-0102-2025-02,ACC-0102,2025-02,Mid-Market,Partner,EMEA,USD,1.0,1255.43,0.0,1255.43,0.0
INV-ACC-0102-2025-03,ACC-0102,2025-03,Mid-Market,Partner,EMEA,USD,1.0,1255.43,0.0,1255.43,0.0
INV-ACC-0102-2025-04,ACC-0102,2025-04,Mid-Market,Partner,EMEA,USD,1.0,1343.32,0.0,1343.32,0.0
INV-ACC-0102-2025-05,ACC-0102,2025-05,Mid-Market,Partner,EMEA,USD,1.0,1443.75,0.0,1443.75,0.0
INV-ACC-0102-2025-06,ACC-0102,2025-06,Mid-Market,Partner,EMEA,USD,1.0,1544.19,0.0,1544.19,0.0
INV-ACC-0103-2025-04,ACC-0103,2025-04,Mid-Market,Partner,APAC,EUR,1.08,1104.79,0.0,1193.17,0.0
INV-ACC-0103-2025-05,ACC-0103,2025-05,Mid-Market,Partner,APAC,USD,1.0,1288.63,0.0,1288.63,0.0
INV-ACC-0103-2025-06,ACC-0103,2025-06,Mid-Market,Partner,APAC,USD,1.0,1384.08,0.0,1384.08,0.0
INV-ACC-0104-2025-03,ACC-0104,2025-03,Mid-Market,Partner,APAC,GBP,1.25,956.43,0.0,1195.54,0.0
INV-ACC-0104-2025-04,ACC-0104,2025-04,Mid-Market,Partner,APAC,USD,1.0,1291.18,0.0,1291.18,0.0
INV-ACC-0104-2025-05,ACC-0104,2025-05,Mid-Market,Partner,APAC,USD,1.0,1386.83,0.0,1386.83,0.0
INV-ACC-0104-2025-06,ACC-0104,2025-06,Mid-Market,Partner,APAC,GBP,1.25,1185.98,0.0,1482.47,0.0
INV-ACC-0105-2025-02,ACC-0105,2025-02,Mid-Market,Partner,NA,EUR,1.08,1162.68,0.0,1255.69,0.0
INV-ACC-0105-2025-03,ACC-0105,2025-03,Mid-Market,Partner,NA,EUR,1.08,1162.68,0.0,1255.69,0.0
INV-ACC-0105-2025-04,ACC-0105,2025-04,Mid-Market,Partner,NA,USD,1.0,1255.69,0.0,1255.69,0.0
INV-ACC-0106-2025-04,ACC-0106,2025-04,Mid-Market,Partner,EMEA,USD,1.0,1113.28,0.0,1113.28,0.0
INV-ACC-0106-2025-05,ACC-0106,2025-05,Mid-Market,Partner,EMEA,USD,1.0,1202.35,0.0,1202.35,0.0
INV-ACC-0106-2025-06,ACC-0106,2025-06,Mid-Market,Partner,EMEA,USD,1.0,1291.41,0.0,1291.41,0.0
INV-ACC-0107-2025-05,ACC-0107,2025-05,Mid-Market,Partner,APAC,USD,1.0,1074.78,0.0,1074.78,0.0
INV-ACC-0107-2025-06,ACC-0107,2025-06,Mid-Market,Partner,APAC,USD,1.0,1160.77,0.0,1160.77,0.0
INV-ACC-0108-2025-05,ACC-0108,2025-05,Mid-Market,Partner,EMEA,GBP,1.25,969.95,0.0,1212.44,0.0
INV-ACC-0108-2025-06,ACC-0108,2025-06,Mid-Market,Partner,EMEA,USD,1.0,1309.43,0.0,1309.43,0.0
INV-ACC-0109-2025-03,ACC-0109,2025-03,Enterprise,Organic,EMEA,USD,1.0,3684.98,0.0,3684.98,0.0
INV-ACC-0109-2025-04,ACC-0109,2025-04,Enterprise,Organic,EMEA,EUR,1.08,3412.02,0.0,3684.98,0.0
INV-ACC-0109-2025-05,ACC-0109,2025-05,Enterprise,Organic,EMEA,EUR,1.08,3446.14,0.0,3721.83,0.0
INV-ACC-0109-2025-06,ACC-0109,2025-06,Enterprise,Organic,EMEA,EUR,1.08,3480.26,0.0,3758.68,0.0
INV-ACC-0110-2025-06,ACC-0110,2025-06,Enterprise,Organic,NA,USD,1.0,3628.7,0.0,3628.7,0.0
INV-ACC-0111-2025-02,ACC-0111,2025-02,Enterprise,Organic,APAC,GBP,1.25,3166.44,0.0,3958.05,0.0
INV-ACC-0111-2025-03,ACC-0111,2025-03,Enterprise,Organic,APAC,EUR,1.08,3701.51,0.0,3997.63,0.0
INV-ACC-0111-2025-04,ACC-0111,2025-04,Enterprise,Organic,APAC,USD,1.0,4037.21,0.0,4037.21,0.0
INV-ACC-0111-2025-05,ACC-0111,2025-05,Enterprise,Organic,APAC,USD,1.0,4037.21,0.0,4037.21,0.0
INV-ACC-0111-2025-06,ACC-0111,2025-06,Enterprise,Organic,APAC,EUR,1.08,3774.81,0.0,4076.79,0.0
INV-ACC-0112-2025-04,ACC-0112,2025-04,Enterprise,Organic,NA,USD,1.0,4548.06,0.0,4548.06,0.0
INV-ACC-0112-2025-05,ACC-0112,2025-05,Enterprise,Organic,NA,USD,1.0,4639.02,0.0,4639.02,0.0
INV-ACC-0112-2025-06,ACC-0112,2025-06,Enterprise,Organic,NA,USD,1.0,4684.51,0.0,4684.51,0.0
INV-ACC-0113-2025-04,ACC-0113,2025-04,Enterprise,Paid Search,NA,EUR,1.08,3962.87,0.0,4279.9,0.0
INV-ACC-0113-2025-05,ACC-0113,2025-05,Enterprise,Paid Search,NA,EUR,1.08,3962.87,0.0,4279.9,0.0
INV-ACC-0113-2025-06,ACC-0113,2025-06,Enterprise,Paid Search,NA,USD,1.0,4279.9,256.79,4279.9,256.79
INV-ACC-0114-2025-04,ACC-0114,2025-04,Enterprise,Paid Search,EMEA,USD,1.0,3812.04,0.0,3812.04,0.0
INV-ACC-0114-2025-05,ACC-0114,2025-05,Enterprise,Paid Search,EMEA,EUR,1.08,3564.97,0.0,3850.17,0.0
INV-ACC-0114-2025-06,ACC-0114,2025-06,Enterprise,Paid Search,EMEA,GBP,1.25,3080.13,184.81,3850.16,231.01
INV-ACC-0115-2025-05,ACC-0115,2025-05,Enterprise,Paid Search,EMEA,USD,1.0,4143.09,0.0,4143.09,0.0
INV-ACC-0115-2025-06,ACC-0115,2025-06,Enterprise,Paid Search,EMEA,USD,1.0,4143.09,248.59,4143.09,248.59
INV-ACC-0116-2025-04,ACC-0116,2025-04,Enterprise,Paid Social,NA,USD,1.0,3594.09,0.0,3594.09,0.0
INV-ACC-0116-2025-05,ACC-0116,2025-05,Enterprise,Paid Social,NA,USD,1.0,3630.03,0.0,3630.03,0.0
INV-ACC-0116-2025-06,ACC-0116,2025-06,Enterprise,Paid Social,NA,GBP,1.25,2904.03,0.0,3630.04,0.0
INV-ACC-0117-2025-02,ACC-0117,2025-02,Enterprise,Paid Social,NA,USD,1.0,3805.0,0.0,3805.0,0.0
INV-ACC-0117-2025-03,ACC-0117,2025-03,Enterprise,Paid Social,NA,USD,1.0,3843.05,0.0,3843.05,0.0
INV-ACC-0117-2025-04,ACC-0117,2025-04,Enterprise,Paid Social,NA,USD,1.0,3881.09,116.43,3881.09,116.43
INV-ACC-0117-2025-05,ACC-0117,2025-05,Enterprise,Paid Social,NA,USD,1.0,3881.09,0.0,3881.09,0.0
INV-ACC-0117-2025-06,ACC-0117,2025-06,Enterprise,Paid Social,NA,GBP,1.25,3165.76,0.0,3957.2,0.0
INV-ACC-0118-2025-02,ACC-0118,2025-02,Enterprise,Partner,EMEA,USD,1.0,4267.99,0.0,4267.99,0.0
INV-ACC-0118-2025-03,ACC-0118,2025-03,Enterprise,Partner,EMEA,USD,1.0,4438.71,0.0,4438.71,0.0
INV-ACC-0118-2025-04,ACC-0118,2025-04,Enterprise,Partner,EMEA,USD,1.0,4438.71,0.0,4438.71,0.0
INV-ACC-0118-2025-05,ACC-0118,2025-05,Enterprise,Partner,EMEA,USD,1.0,4566.75,0.0,4566.75,0.0
INV-ACC-0118-2025-06,ACC-0118,2025-06,Enterprise,Partner,EMEA,USD,1.0,4609.43,0.0,4609.43,0.0
INV-ACC-0119-2025-03,ACC-0119,2025-03,Enterprise,Partner,EMEA,USD,1.0,3999.72,0.0,3999.72,0.0
INV-ACC-0119-2025-04,ACC-0119,2025-04,Enterprise,Partner,EMEA,USD,1.0,3999.72,0.0,3999.72,0.0
INV-ACC-0119-2025-05,ACC-0119,2025-05,Enterprise,Partner,EMEA,GBP,1.25,3295.77,0.0,4119.71,0.0
INV-ACC-0119-2025-06,ACC-0119,2025-06,Enterprise,Partner,EMEA,USD,1.0,4199.71,0.0,4199.71,0.0
INV-ACC-0120-2025-02,ACC-0120,2025-02,Enterprise,Partner,NA,USD,1.0,4010.07,0.0,4010.07,0.0
INV-ACC-0120-2025-03,ACC-0120,2025-03,Enterprise,Partner,NA,USD,1.0,4170.47,0.0,4170.47,0.0
INV-ACC-0120-2025-04,ACC-0120,2025-04,Enterprise,Partner,NA,GBP,1.25,3336.38,0.0,4170.48,0.0
INV-ACC-0120-2025-05,ACC-0120,2025-05,Enterprise,Partner,NA,EUR,1.08,4010.07,0.0,4330.88,0.0
INV-ACC-0120-2025-06,ACC-0120,2025-06,Enterprise,Partner,NA,USD,1.0,4411.07,0.0,4411.07,0.0
INV-ACC-0121-2025-04,ACC-0121,2025-04,Enterprise,Partner,NA,USD,1.0,4915.31,0.0,4915.31,0.0
INV-ACC-0121-2025-05,ACC-0121,2025-05,Enterprise,Partner,NA,USD,1.0,5111.92,0.0,5111.92,0.0
INV-ACC-0121-2025-06,ACC-0121,2025-06,Enterprise,Partner,NA,USD,1.0,5210.23,0.0,5210.23,0.0
INV-ACC-0122-2025-03,ACC-0122,2025-03,Enterprise,Partner,NA,USD,1.0,4486.59,0.0,4486.59,0.0
INV-ACC-0122-2025-04,ACC-0122,2025-04,Enterprise,Partner,NA,EUR,1.08,4154.25,0.0,4486.59,0.0
INV-ACC-0122-2025-05,ACC-0122,2025-05,Enterprise,Partner,NA,USD,1.0,4621.18,0.0,4621.18,0.0
INV-ACC-0122-2025-06,ACC-0122,2025-06,Enterprise,Partner,NA,USD,1.0,4710.91,0.0,4710.91,0.0
INV-ACC-0123-2025-02,ACC-0123,2025-02,Enterprise,Partner,NA,EUR,1.08,4504.01,0.0,4864.33,0.0
INV-ACC-0123-2025-03,ACC-0123,2025-03,Enterprise,Partner,NA,USD,1.0,5058.9,0.0,5058.9,0.0
INV-ACC-0123-2025-04,ACC-0123,2025-04,Enterprise,Partner,NA,GBP,1.25,4086.04,0.0,5107.55,0.0
INV-ACC-0123-2025-05,ACC-0123,2025-05,Enterprise,Partner,NA,USD,1.0,5302.12,0.0,5302.12,0.0
INV-ACC-0123-2025-06,ACC-0123,2025-06,Enterprise,Partner,NA,USD,1.0,5302.12,0.0,5302.12,0.0
INV-ACC-0124-2025-02,ACC-0124,2025-02,Enterprise,Partner,NA,GBP,1.25,3299.29,0.0,4124.11,0.0
INV-ACC-0124-2025-03,ACC-0124,2025-03,Enterprise,Partner,NA,USD,1.0,4289.08,0.0,4289.08,0.0
INV-ACC-0124-2025-04,ACC-0124,2025-04,Enterprise,Partner,NA,EUR,1.08,4009.56,0.0,4330.32,0.0
INV-ACC-0124-2025-05,ACC-0124,2025-05,Enterprise,Partner,NA,USD,1.0,4495.29,0.0,4495.29,0.0
INV-ACC-0124-2025-06,ACC-0124,2025-06,Enterprise,Partner,NA,EUR,1.08,4162.3,0.0,4495.28,0.0
