month,account_id,segment,channel,region,start_arr_usd,end_arr_usd
2025-01,ACC-0001,SMB,Organic,EMEA,0.0,0.0
2025-02,ACC-0001,SMB,Organic,EMEA,0.0,0.0
2025-03,ACC-0001,SMB,Organic,EMEA,0.0,1634.42
2025-04,ACC-0001,SMB,Organic,EMEA,1634.42,1650.76
2025-05,ACC-0001,SMB,Organic,EMEA,1650.76,1683.45
2025-06,ACC-0001,SMB,Organic,EMEA,1683.45,1716.14
2025-01,ACC-0002,SMB,Organic,EMEA,0.0,0.0
2025-02,ACC-0002,SMB,Organic,EMEA,0.0,0.0
2025-03,ACC-0002,SMB,Organic,EMEA,0.0,1551.74
2025-04,ACC-0002,SMB,Organic,EMEA,1551.74,1536.22
2025-05,ACC-0002,SMB,Organic,EMEA,1536.22,1567.25
2025-06,ACC-0002,SMB,Organic,EMEA,1567.25,1598.28
2025-01,ACC-0003,SMB,Organic,NA,0.0,0.0
2025-02,ACC-0003,SMB,Organic,NA,0.0,1912.45
2025-03,ACC-0003,SMB,Organic,NA,1912.45,1950.7
2025-04,ACC-0003,SMB,Organic,NA,1950.7,1988.95
2025-05,ACC-0003,SMB,Organic,NA,1988.95,2027.2
2025-06,ACC-0003,SMB,Organic,NA,2027.2,2065.45
2025-01,ACC-0004,SMB,Organic,EMEA,0.0,0.0
2025-02,ACC-0004,SMB,Organic,EMEA,0.0,0.0
2025-03,ACC-0004,SMB,Organic,EMEA,0.0,1863.39
2025-04,ACC-0004,SMB,Organic,EMEA,1863.39,1863.39
2025-05,ACC-0004,SMB,Organic,EMEA,1863.39,1900.66
2025-06,ACC-0004,SMB,Organic,EMEA,1900.66,1937.93
2025-01,ACC-0005,SMB,Organic,NA,0.0,0.0
2025-02,ACC-0005,SMB,Organic,NA,0.0,0.0
2025-03,ACC-0005,SMB,Organic,NA,0.0,0.0
2025-04,ACC-0005,SMB,Organic,NA,0.0,0.0
2025-05,ACC-0005,SMB,Organic,NA,0.0,1716.89
2025-06,ACC-0005,SMB,Organic,NA,1716.89,1751.23
2025-01,ACC-0006,SMB,Organic,EMEA,0.0,0.0
2025-02,ACC-0006,SMB,Organic,EMEA,0.0,1692.46
2025-03,ACC-0006,SMB,Organic,EMEA,1692.46,1709.38
2025-04,ACC-0006,SMB,Organic,EMEA,1709.38,1709.38
2025-05,ACC-0006,SMB,Organic,EMEA,1709.38,1743.23
2025-06,ACC-0006,SMB,Organic,EMEA,1743.23,1777.08
2025-01,ACC-0007,SMB,Organic,NA,0.0,0.0
2025-02,ACC-0007,SMB,Organic,NA,0.0,0.0
2025-03,ACC-0007,SMB,Organic,NA,0.0,0.0
2025-04,ACC-0007,SMB,Organic,NA,0.0,1676.17
2025-05,ACC-0007,SMB,Organic,NA,1676.17,0.0
2025-06,ACC-0007,SMB,Organic,NA,0.0,0.0
2025-01,ACC-0008,SMB,Organic,APAC,0.0,0.0
2025-02,ACC-0008,SMB,Organic,APAC,0.0,0.0
2025-03,ACC-0008,SMB,Organic,APAC,0.0,1708.5
2025-04,ACC-0008,SMB,Organic,APAC,1708.5,1725.59
2025-05,ACC-0008,SMB,Organic,APAC,1725.59,1759.76
2025-06,ACC-0008,SMB,Organic,APAC,1759.76,1793.93
2025-01,ACC-0009,SMB,Organic,APAC,0.0,0.0
2025-02,ACC-0009,SMB,Organic,APAC,0.0,0.0
2025-03,ACC-0009,SMB,Organic,APAC,0.0,1725.81
2025-04,ACC-0009,SMB,Organic,APAC,1725.81,1725.81
2025-05,ACC-0009,SMB,Organic,APAC,1725.81,1760.33
2025-06,ACC-0009,SMB,Organic,APAC,1760.33,1794.85
2025-01,ACC-0010,SMB,Organic,EMEA,0.0,1657.83
2025-02,ACC-0010,SMB,Organic,EMEA,1657.83,1690.99
2025-03,ACC-0010,SMB,Organic,EMEA,1690.99,1690.99
2025-04,ACC-0010,SMB,Organic,EMEA,1690.99,1707.57
2025-05,ACC-0010,SMB,Organic,EMEA,1707.57,1740.73
2025-06,ACC-0010,SMB,Organic,EMEA,1740.73,1773.89
2025-01,ACC-0011,SMB,Organic,EMEA,0.0,0.0
2025-02,ACC-0011,SMB,Organic,EMEA,0.0,0.0
2025-03,ACC-0011,SMB,Organic,EMEA,0.0,0.0
2025-04,ACC-0011,SMB,Organic,EMEA,0.0,1628.56
2025-05,ACC-0011,SMB,Organic,EMEA,1628.56,1661.13
2025-06,ACC-0011,SMB,Organic,EMEA,1661.13,1693.7
2025-01,ACC-0012,SMB,Organic,NA,0.0,0.0
2025-02,ACC-0012,SMB,Organic,NA,0.0,1948.11
2025-03,ACC-0012,SMB,Organic,NA,1948.11,1928.63
2025-04,ACC-0012,SMB,Organic,NA,1928.63,1928.63
2025-05,ACC-0012,SMB,Organic,NA,1928.63,1967.59
2025-06,ACC-0012,SMB,Organic,NA,1967.59,2006.55
2025-01,ACC-0013,SMB,Organic,NA,0.0,0.0
2025-02,ACC-0013,SMB,Organic,NA,0.0,0.0
2025-03,ACC-0013,SMB,Organic,NA,0.0,0.0
2025-04,ACC-0013,SMB,Organic,NA,0.0,1765.93
2025-05,ACC-0013,SMB,Organic,NA,1765.93,1801.25
2025-06,ACC-0013,SMB,Organic,NA,1801.25,1836.57
2025-01,ACC-0014,SMB,Organic,EMEA,0.0,1710.5
2025-02,ACC-0014,SMB,Organic,EMEA,1710.5,1693.39
2025-03,ACC-0014,SMB,Organic,EMEA,1693.39,1727.6
2025-04,ACC-0014,SMB,Organic,EMEA,1727.6,1710.49
2025-05,ACC-0014,SMB,Organic,EMEA,1710.49,1744.7
2025-06,ACC-0014,SMB,Organic,EMEA,1744.7,1778.91
2025-01,ACC-0015,SMB,Organic,NA,0.0,0.0
2025-02,ACC-0015,SMB,Organic,NA,0.0,0.0
2025-03,ACC-0015,SMB,Organic,NA,0.0,0.0
2025-04,ACC-0015,SMB,Organic,NA,0.0,2018.11
2025-05,ACC-0015,SMB,Organic,NA,2018.11,2058.47
2025-06,ACC-0015,SMB,Organic,NA,2058.47,2098.83
2025-01,ACC-0016,SMB,Organic,EMEA,0.0,0.0
2025-02,ACC-0016,SMB,Organic,EMEA,0.0,1857.48
2025-03,ACC-0016,SMB,Organic,EMEA,1857.48,1838.91
2025-04,ACC-0016,SMB,Organic,EMEA,1838.91,1820.34
2025-05,ACC-0016,SMB,Organic,EMEA,1820.34,1857.49
2025-06,ACC-0016,SMB,Organic,EMEA,1857.49,1894.64
2025-01,ACC-0017,SMB,Organic,EMEA,0.0,0.0
2025-02,ACC-0017,SMB,Organic,EMEA,0.0,0.0
2025-03,ACC-0017,SMB,Organic,EMEA,0.0,0.0
2025-04,ACC-0017,SMB,Organic,EMEA,0.0,0.0
2025-05,ACC-0017,SMB,Organic,EMEA,0.0,0.0
2025-06,ACC-0017,SMB,Organic,EMEA,0.0,1632.76
2025-01,ACC-0018,SMB,Organic,APAC,0.0,0.0
2025-02,ACC-0018,SMB,Organic,APAC,0.0,0.0
2025-03,ACC-0018,SMB,Organic,APAC,0.0,0.0
2025-04,ACC-0018,SMB,Organic,APAC,0.0,1519.9
2025-05,ACC-0018,SMB,Organic,APAC,1519.9,0.0
2025-06,ACC-0018,SMB,Organic,APAC,0.0,0.0
2025-01,ACC-0019,SMB,Paid Search,NA,0.0,0.0
2025-02,ACC-0019,SMB,Paid Search,NA,0.0,0.0
2025-03,ACC-0019,SMB,Paid Search,NA,0.0,0.0
2025-04,ACC-0019,SMB,Paid Search,NA,0.0,0.0
2025-05,ACC-0019,SMB,Paid Search,NA,0.0,1881.32
2025-06,ACC-0019,SMB,Paid Search,NA,1881.32,1768.44
2025-01,ACC-0020,SMB,Paid Search,APAC,0.0,0.0
2025-02,ACC-0020,SMB,Paid Search,APAC,0.0,0.0
2025-03,ACC-0020,SMB,Paid Search,APAC,0.0,0.0
2025-04,ACC-0020,SMB,Paid Search,APAC,0.0,1837.39
2025-05,ACC-0020,SMB,Paid Search,APAC,1837.39,1727.15
2025-06,ACC-0020,SMB,Paid Search,APAC,1727.15,1616.91
2025-01,ACC-0021,SMB,Paid Search,EMEA,0.0,0.0
2025-02,ACC-0021,SMB,Paid Search,EMEA,0.0,0.0
2025-03,ACC-0021,SMB,Paid Search,EMEA,0.0,0.0
2025-04,ACC-0021,SMB,Paid Search,EMEA,0.0,0.0
2025-05,ACC-0021,SMB,Paid Search,EMEA,0.0,1747.69
2025-06,ACC-0021,SMB,Paid Search,EMEA,1747.69,1642.83
2025-01,ACC-0022,SMB,Paid Search,NA,0.0,0.0
2025-02,ACC-0022,SMB,Paid Search,NA,0.0,0.0
2025-03,ACC-0022,SMB,Paid Search,NA,0.0,2061.03
2025-04,ACC-0022,SMB,Paid Search,NA,2061.03,2081.64
2025-05,ACC-0022,SMB,Paid Search,NA,2081.64,1957.98
2025-06,ACC-0022,SMB,Paid Search,NA,1957.98,1834.32
2025-01,ACC-0023,SMB,Paid Search,EMEA,0.0,0.0
2025-02,ACC-0023,SMB,Paid Search,EMEA,0.0,0.0
2025-03,ACC-0023,SMB,Paid Search,EMEA,0.0,1843.83
2025-04,ACC-0023,SMB,Paid Search,EMEA,1843.83,1862.27
2025-05,ACC-0023,SMB,Paid Search,EMEA,1862.27,1751.64
2025-06,ACC-0023,SMB,Paid Search,EMEA,1751.64,1641.01
2025-01,ACC-0024,SMB,Paid Search,NA,0.0,0.0
2025-02,ACC-0024,SMB,Paid Search,NA,0.0,0.0
2025-03,ACC-0024,SMB,Paid Search,NA,0.0,1854.16
2025-04,ACC-0024,SMB,Paid Search,NA,1854.16,1854.16
2025-05,ACC-0024,SMB,Paid Search,NA,1854.16,1742.91
2025-06,ACC-0024,SMB,Paid Search,NA,1742.91,1631.66
2025-01,ACC-0025,SMB,Paid Search,NA,0.0,0.0
2025-02,ACC-0025,SMB,Paid Search,NA,0.0,0.0
2025-03,ACC-0025,SMB,Paid Search,NA,0.0,1814.81
2025-04,ACC-0025,SMB,Paid Search,NA,1814.81,1851.11
2025-05,ACC-0025,SMB,Paid Search,NA,1851.11,1742.22
2025-06,ACC-0025,SMB,Paid Search,NA,1742.22,1633.33
2025-01,ACC-0026,SMB,Paid Search,EMEA,0.0,0.0
2025-02,ACC-0026,SMB,Paid Search,EMEA,0.0,2054.94
2025-03,ACC-0026,SMB,Paid Search,EMEA,2054.94,2096.04
2025-04,ACC-0026,SMB,Paid Search,EMEA,2096.04,2096.04
2025-05,ACC-0026,SMB,Paid Search,EMEA,2096.04,1972.74
2025-06,ACC-0026,SMB,Paid Search,EMEA,1972.74,1849.44
2025-01,ACC-0027,SMB,Paid Search,EMEA,0.0,0.0
2025-02,ACC-0027,SMB,Paid Search,EMEA,0.0,0.0
2025-03,ACC-0027,SMB,Paid Search,EMEA,0.0,1690.07
2025-04,ACC-0027,SMB,Paid Search,EMEA,1690.07,1690.07
2025-05,ACC-0027,SMB,Paid Search,EMEA,1690.07,1588.67
2025-06,ACC-0027,SMB,Paid Search,EMEA,1588.67,1487.27
2025-01,ACC-0028,SMB,Paid Search,EMEA,0.0,0.0
2025-02,ACC-0028,SMB,Paid Search,EMEA,0.0,0.0
2025-03,ACC-0028,SMB,Paid Search,EMEA,0.0,0.0
2025-04,ACC-0028,SMB,Paid Search,EMEA,0.0,1755.87
2025-05,ACC-0028,SMB,Paid Search,EMEA,1755.87,1650.52
2025-06,ACC-0028,SMB,Paid Search,EMEA,1650.52,1545.17
2025-01,ACC-0029,SMB,Paid Search,APAC,0.0,0.0
2025-02,ACC-0029,SMB,Paid Search,APAC,0.0,0.0
2025-03,ACC-0029,SMB,Paid Search,APAC,0.0,0.0
2025-04,ACC-0029,SMB,Paid Search,APAC,0.0,1636.32
2025-05,ACC-0029,SMB,Paid Search,APAC,1636.32,1538.14
2025-06,ACC-0029,SMB,Paid Search,APAC,1538.14,1439.96
2025-01,ACC-0030,SMB,Paid Search,NA,0.0,0.0
2025-02,ACC-0030,SMB,Paid Search,NA,0.0,1805.05
2025-03,ACC-0030,SMB,Paid Search,NA,1805.05,1823.1
2025-04,ACC-0030,SMB,Paid Search,NA,1823.1,1823.1
2025-05,ACC-0030,SMB,Paid Search,NA,1823.1,1714.8
2025-06,ACC-0030,SMB,Paid Search,NA,1714.8,1606.5
2025-01,ACC-0031,SMB,Paid Search,NA,0.0,2107.18
2025-02,ACC-0031,SMB,Paid Search,NA,2107.18,2086.11
2025-03,ACC-0031,SMB,Paid Search,NA,2086.11,2128.25
2025-04,ACC-0031,SMB,Paid Search,NA,2128.25,2149.32
2025-05,ACC-0031,SMB,Paid Search,NA,2149.32,2022.89
2025-06,ACC-0031,SMB,Paid Search,NA,2022.89,1896.46
2025-01,ACC-0032,SMB,Paid Search,NA,0.0,0.0
2025-02,ACC-0032,SMB,Paid Search,NA,0.0,0.0
2025-03,ACC-0032,SMB,Paid Search,NA,0.0,1955.79
2025-04,ACC-0032,SMB,Paid Search,NA,1955.79,1936.23
2025-05,ACC-0032,SMB,Paid Search,NA,1936.23,1818.88
2025-06,ACC-0032,SMB,Paid Search,NA,1818.88,1701.53
2025-01,ACC-0033,SMB,Paid Search,EMEA,0.0,0.0
2025-02,ACC-0033,SMB,Paid Search,EMEA,0.0,0.0
2025-03,ACC-0033,SMB,Paid Search,EMEA,0.0,0.0
2025-04,ACC-0033,SMB,Paid Search,EMEA,0.0,0.0
2025-05,ACC-0033,SMB,Paid Search,EMEA,0.0,1701.42
2025-06,ACC-0033,SMB,Paid Search,EMEA,1701.42,1599.33
2025-01,ACC-0034,SMB,Paid Search,NA,0.0,0.0
2025-02,ACC-0034,SMB,Paid Search,NA,0.0,0.0
2025-03,ACC-0034,SMB,Paid Search,NA,0.0,0.0
2025-04,ACC-0034,SMB,Paid Search,NA,0.0,0.0
2025-05,ACC-0034,SMB,Paid Search,NA,0.0,1921.67
2025-06,ACC-0034,SMB,Paid Search,NA,1921.67,1806.37
2025-01,ACC-0035,SMB,Paid Social,EMEA,0.0,0.0
2025-02,ACC-0035,SMB,Paid Social,EMEA,0.0,1549.33
2025-03,ACC-0035,SMB,Paid Social,EMEA,1549.33,1549.33
2025-04,ACC-0035,SMB,Paid Social,EMEA,1549.33,1564.82
2025-05,ACC-0035,SMB,Paid Social,EMEA,1564.82,1285.94
2025-06,ACC-0035,SMB,Paid Social,EMEA,1285.94,1007.06
2025-01,ACC-0036,SMB,Paid Social,APAC,0.0,0.0
2025-02,ACC-0036,SMB,Paid Social,APAC,0.0,1508.51
2025-03,ACC-0036,SMB,Paid Social,APAC,1508.51,1538.68
2025-04,ACC-0036,SMB,Paid Social,APAC,1538.68,1553.77
2025-05,ACC-0036,SMB,Paid Social,APAC,1553.77,1282.24
2025-06,ACC-0036,SMB,Paid Social,APAC,1282.24,1010.71
2025-01,ACC-0037,SMB,Paid Social,NA,0.0,0.0
2025-02,ACC-0037,SMB,Paid Social,NA,0.0,0.0
2025-03,ACC-0037,SMB,Paid Social,NA,0.0,1673.86
2025-04,ACC-0037,SMB,Paid Social,NA,1673.86,1707.34
2025-05,ACC-0037,SMB,Paid Social,NA,1707.34,1406.05
2025-06,ACC-0037,SMB,Paid Social,NA,1406.05,1104.76
2025-01,ACC-0038,SMB,Paid Social,APAC,0.0,1686.52
2025-02,ACC-0038,SMB,Paid Social,APAC,1686.52,1720.25
2025-03,ACC-0038,SMB,Paid Social,APAC,1720.25,1720.25
2025-04,ACC-0038,SMB,Paid Social,APAC,1720.25,1737.12
2025-05,ACC-0038,SMB,Paid Social,APAC,1737.12,1433.55
2025-06,ACC-0038,SMB,Paid Social,APAC,1433.55,1129.98
2025-01,ACC-0039,SMB,Paid Social,APAC,0.0,0.0
2025-02,ACC-0039,SMB,Paid Social,APAC,0.0,0.0
2025-03,ACC-0039,SMB,Paid Social,APAC,0.0,1421.0
2025-04,ACC-0039,SMB,Paid Social,APAC,1421.0,1421.0
2025-05,ACC-0039,SMB,Paid Social,APAC,1421.0,1165.22
2025-06,ACC-0039,SMB,Paid Social,APAC,1165.22,909.44
2025-01,ACC-0040,SMB,Paid Social,NA,0.0,0.0
2025-02,ACC-0040,SMB,Paid Social,NA,0.0,1898.32
2025-03,ACC-0040,SMB,Paid Social,NA,1898.32,1936.29
2025-04,ACC-0040,SMB,Paid Social,NA,1936.29,1936.29
2025-05,ACC-0040,SMB,Paid Social,NA,1936.29,1594.59
2025-06,ACC-0040,SMB,Paid Social,NA,1594.59,1252.89
2025-01,ACC-0041,SMB,Paid Social,NA,0.0,0.0
2025-02,ACC-0041,SMB,Paid Social,NA,0.0,0.0
2025-03,ACC-0041,SMB,Paid Social,NA,0.0,0.0
2025-04,ACC-0041,SMB,Paid Social,NA,0.0,0.0
2025-05,ACC-0041,SMB,Paid Social,NA,0.0,1886.73
2025-06,ACC-0041,SMB,Paid Social,NA,1886.73,1547.12
2025-01,ACC-0042,SMB,Paid Social,APAC,0.0,0.0
2025-02,ACC-0042,SMB,Paid Social,APAC,0.0,0.0
2025-03,ACC-0042,SMB,Paid Social,APAC,0.0,0.0
2025-04,ACC-0042,SMB,Paid Social,APAC,0.0,1422.48
2025-05,ACC-0042,SMB,Paid Social,APAC,1422.48,1166.43
2025-06,ACC-0042,SMB,Paid Social,APAC,1166.43,910.38
2025-01,ACC-0043,SMB,Paid Social,NA,0.0,0.0
2025-02,ACC-0043,SMB,Paid Social,NA,0.0,0.0
2025-03,ACC-0043,SMB,Paid Social,NA,0.0,1511.16
2025-04,ACC-0043,SMB,Paid Social,NA,1511.16,1496.05
2025-05,ACC-0043,SMB,Paid Social,NA,1496.05,1224.04
2025-06,ACC-0043,SMB,Paid Social,NA,1224.04,952.03
2025-01,ACC-0044,SMB,Paid Social,NA,0.0,0.0
2025-02,ACC-0044,SMB,Paid Social,NA,0.0,1518.77
2025-03,ACC-0044,SMB,Paid Social,NA,1518.77,1503.58
2025-04,ACC-0044,SMB,Paid Social,NA,1503.58,1503.58
2025-05,ACC-0044,SMB,Paid Social,NA,1503.58,1230.2
2025-06,ACC-0044,SMB,Paid Social,NA,1230.2,956.82
2025-01,ACC-0045,SMB,Paid Social,NA,0.0,0.0
2025-02,ACC-0045,SMB,Paid Social,NA,0.0,1592.33
2025-03,ACC-0045,SMB,Paid Social,NA,1592.33,1608.25
2025-04,ACC-0045,SMB,Paid Social,NA,1608.25,1640.1
2025-05,ACC-0045,SMB,Paid Social,NA,1640.1,1353.48
2025-06,ACC-0045,SMB,Paid Social,NA,1353.48,1066.86
2025-01,ACC-0046,SMB,Paid Social,EMEA,0.0,0.0
2025-02,ACC-0046,SMB,Paid Social,EMEA,0.0,1496.22
2025-03,ACC-0046,SMB,Paid Social,EMEA,1496.22,1511.18
2025-04,ACC-0046,SMB,Paid Social,EMEA,1511.18,1526.14
2025-05,ACC-0046,SMB,Paid Social,EMEA,1526.14,1256.82
2025-06,ACC-0046,SMB,Paid Social,EMEA,1256.82,0.0
2025-01,ACC-0047,SMB,Paid Social,EMEA,0.0,0.0
2025-02,ACC-0047,SMB,Paid Social,EMEA,0.0,0.0
2025-03,ACC-0047,SMB,Paid Social,EMEA,0.0,1680.06
2025-04,ACC-0047,SMB,Paid Social,EMEA,1680.06,1696.86
2025-05,ACC-0047,SMB,Paid Social,EMEA,1696.86,1394.45
2025-06,ACC-0047,SMB,Paid Social,EMEA,1394.45,0.0
2025-01,ACC-0048,SMB,Paid Social,NA,0.0,0.0
2025-02,ACC-0048,SMB,Paid Social,NA,0.0,0.0
2025-03,ACC-0048,SMB,Paid Social,NA,0.0,1747.56
2025-04,ACC-0048,SMB,Paid Social,NA,1747.56,1730.08
2025-05,ACC-0048,SMB,Paid Social,NA,1730.08,1415.52
2025-06,ACC-0048,SMB,Paid Social,NA,1415.52,1100.96
2025-01,ACC-0049,SMB,Paid Social,EMEA,0.0,1520.18
2025-02,ACC-0049,SMB,Paid Social,EMEA,1520.18,1550.58
2025-03,ACC-0049,SMB,Paid Social,EMEA,1550.58,1580.98
2025-04,ACC-0049,SMB,Paid Social,EMEA,1580.98,1611.38
2025-05,ACC-0049,SMB,Paid Social,EMEA,1611.38,1337.75
2025-06,ACC-0049,SMB,Paid Social,EMEA,1337.75,1064.12
2025-01,ACC-0050,SMB,Paid Social,APAC,0.0,0.0
2025-02,ACC-0050,SMB,Paid Social,APAC,0.0,1400.14
2025-03,ACC-0050,SMB,Paid Social,APAC,1400.14,1386.14
2025-04,ACC-0050,SMB,Paid Social,APAC,1386.14,1386.14
2025-05,ACC-0050,SMB,Paid Social,APAC,1386.14,1134.11
2025-06,ACC-0050,SMB,Paid Social,APAC,1134.11,882.08
2025-01,ACC-0051,SMB,Paid Social,APAC,0.0,0.0
2025-02,ACC-0051,SMB,Paid Social,APAC,0.0,0.0
2025-03,ACC-0051,SMB,Paid Social,APAC,0.0,0.0
2025-04,ACC-0051,SMB,Paid Social,APAC,0.0,1645.81
2025-05,ACC-0051,SMB,Paid Social,APAC,1645.81,1349.56
2025-06,ACC-0051,SMB,Paid Social,APAC,1349.56,1053.31
2025-01,ACC-0052,SMB,Paid Social,NA,0.0,0.0
2025-02,ACC-0052,SMB,Paid Social,NA,0.0,1858.74
2025-03,ACC-0052,SMB,Paid Social,NA,1858.74,1895.91
2025-04,ACC-0052,SMB,Paid Social,NA,1895.91,1914.5
2025-05,ACC-0052,SMB,Paid Social,NA,1914.5,1579.93
2025-06,ACC-0052,SMB,Paid Social,NA,1579.93,1245.36
2025-01,ACC-0053,SMB,Paid Social,EMEA,0.0,0.0
2025-02,ACC-0053,SMB,Paid Social,EMEA,0.0,0.0
2025-03,ACC-0053,SMB,Paid Social,EMEA,0.0,1498.72
2025-04,ACC-0053,SMB,Paid Social,EMEA,1498.72,1483.73
2025-05,ACC-0053,SMB,Paid Social,EMEA,1483.73,1213.96
2025-06,ACC-0053,SMB,Paid Social,EMEA,1213.96,944.19
2025-01,ACC-0054,SMB,Paid Social,NA,0.0,0.0
2025-02,ACC-0054,SMB,Paid Social,NA,0.0,0.0
2025-03,ACC-0054,SMB,Paid Social,NA,0.0,0.0
2025-04,ACC-0054,SMB,Paid Social,NA,0.0,0.0
2025-05,ACC-0054,SMB,Paid Social,NA,0.0,1865.21
2025-06,ACC-0054,SMB,Paid Social,NA,1865.21,1529.47
2025-01,ACC-0055,SMB,Paid Social,APAC,0.0,0.0
2025-02,ACC-0055,SMB,Paid Social,APAC,0.0,0.0
2025-03,ACC-0055,SMB,Paid Social,APAC,0.0,1357.79
2025-04,ACC-0055,SMB,Paid Social,APAC,1357.79,1344.21
2025-05,ACC-0055,SMB,Paid Social,APAC,1344.21,1099.81
2025-06,ACC-0055,SMB,Paid Social,APAC,1099.81,855.41
2025-01,ACC-0056,SMB,Paid Social,NA,0.0,0.0
2025-02,ACC-0056,SMB,Paid Social,NA,0.0,0.0
2025-03,ACC-0056,SMB,Paid Social,NA,0.0,0.0
2025-04,ACC-0056,SMB,Paid Social,NA,0.0,1797.27
2025-05,ACC-0056,SMB,Paid Social,NA,1797.27,1473.76
2025-06,ACC-0056,SMB,Paid Social,NA,1473.76,1150.25
2025-01,ACC-0057,SMB,Partner,EMEA,0.0,0.0
2025-02,ACC-0057,SMB,Partner,EMEA,0.0,0.0
2025-03,ACC-0057,SMB,Partner,EMEA,0.0,0.0
2025-04,ACC-0057,SMB,Partner,EMEA,0.0,0.0
2025-05,ACC-0057,SMB,Partner,EMEA,0.0,1728.28
2025-06,ACC-0057,SMB,Partner,EMEA,1728.28,1711.0
2025-01,ACC-0058,SMB,Partner,APAC,0.0,0.0
2025-02,ACC-0058,SMB,Partner,APAC,0.0,0.0
2025-03,ACC-0058,SMB,Partner,APAC,0.0,1863.31
2025-04,ACC-0058,SMB,Partner,APAC,1863.31,1900.58
2025-05,ACC-0058,SMB,Partner,APAC,1900.58,1881.95
2025-06,ACC-0058,SMB,Partner,APAC,1881.95,1919.22
2025-01,ACC-0059,SMB,Partner,NA,0.0,0.0
2025-02,ACC-0059,SMB,Partner,NA,0.0,0.0
2025-03,ACC-0059,SMB,Partner,NA,0.0,2227.0
2025-04,ACC-0059,SMB,Partner,NA,2227.0,2249.27
2025-05,ACC-0059,SMB,Partner,NA,2249.27,2249.27
2025-06,ACC-0059,SMB,Partner,NA,2249.27,2227.0
2025-01,ACC-0060,SMB,Partner,EMEA,0.0,1810.24
2025-02,ACC-0060,SMB,Partner,EMEA,1810.24,1846.44
2025-03,ACC-0060,SMB,Partner,EMEA,1846.44,1846.44
2025-04,ACC-0060,SMB,Partner,EMEA,1846.44,1864.54
2025-05,ACC-0060,SMB,Partner,EMEA,1864.54,1882.64
2025-06,ACC-0060,SMB,Partner,EMEA,1882.64,1918.84
2025-01,ACC-0061,SMB,Partner,NA,0.0,0.0
2025-02,ACC-0061,SMB,Partner,NA,0.0,0.0
2025-03,ACC-0061,SMB,Partner,NA,0.0,0.0
2025-04,ACC-0061,SMB,Partner,NA,0.0,0.0
2025-05,ACC-0061,SMB,Partner,NA,0.0,2209.98
2025-06,ACC-0061,SMB,Partner,NA,2209.98,2209.98
2025-01,ACC-0062,SMB,Partner,APAC,0.0,0.0
2025-02,ACC-0062,SMB,Partner,APAC,0.0,1931.94
2025-03,ACC-0062,SMB,Partner,APAC,1931.94,1970.58
2025-04,ACC-0062,SMB,Partner,APAC,1970.58,1970.58
2025-05,ACC-0062,SMB,Partner,APAC,1970.58,2009.22
2025-06,ACC-0062,SMB,Partner,APAC,2009.22,1989.9
2025-01,ACC-0063,SMB,Partner,NA,0.0,0.0
2025-02,ACC-0063,SMB,Partner,NA,0.0,0.0
2025-03,ACC-0063,SMB,Partner,NA,0.0,0.0
2025-04,ACC-0063,SMB,Partner,NA,0.0,0.0
2025-05,ACC-0063,SMB,Partner,NA,0.0,1860.8
2025-06,ACC-0063,SMB,Partner,NA,1860.8,1860.8
2025-01,ACC-0064,SMB,Partner,EMEA,0.0,0.0
2025-02,ACC-0064,SMB,Partner,EMEA,0.0,0.0
2025-03,ACC-0064,SMB,Partner,EMEA,0.0,0.0
2025-04,ACC-0064,SMB,Partner,EMEA,0.0,0.0
2025-05,ACC-0064,SMB,Partner,EMEA,0.0,1786.75
2025-06,ACC-0064,SMB,Partner,EMEA,1786.75,1786.75
2025-01,ACC-0065,Mid-Market,Organic,APAC,0.0,0.0
2025-02,ACC-0065,Mid-Market,Organic,APAC,0.0,0.0
2025-03,ACC-0065,Mid-Market,Organic,APAC,0.0,9783.89
2025-04,ACC-0065,Mid-Market,Organic,APAC,9783.89,9686.05
2025-05,ACC-0065,Mid-Market,Organic,APAC,9686.05,9979.57
2025-06,ACC-0065,Mid-Market,Organic,APAC,9979.57,10273.09
2025-01,ACC-0066,Mid-Market,Organic,NA,0.0,0.0
2025-02,ACC-0066,Mid-Market,Organic,NA,0.0,0.0
2025-03,ACC-0066,Mid-Market,Organic,NA,0.0,11853.44
2025-04,ACC-0066,Mid-Market,Organic,NA,11853.44,11734.91
2025-05,ACC-0066,Mid-Market,Organic,NA,11734.91,12090.51
2025-06,ACC-0066,Mid-Market,Organic,NA,12090.51,12446.11
2025-01,ACC-0067,Mid-Market,Organic,EMEA,0.0,0.0
2025-02,ACC-0067,Mid-Market,Organic,EMEA,0.0,0.0
2025-03,ACC-0067,Mid-Market,Organic,EMEA,0.0,10768.92
2025-04,ACC-0067,Mid-Market,Organic,EMEA,10768.92,10876.61
2025-05,ACC-0067,Mid-Market,Organic,EMEA,10876.61,11199.68
2025-06,ACC-0067,Mid-Market,Organic,EMEA,11199.68,11522.75
2025-01,ACC-0068,Mid-Market,Organic,APAC,0.0,0.0
2025-02,ACC-0068,Mid-Market,Organic,APAC,0.0,0.0
2025-03,ACC-0068,Mid-Market,Organic,APAC,0.0,10893.32
2025-04,ACC-0068,Mid-Market,Organic,APAC,10893.32,11002.25
2025-05,ACC-0068,Mid-Market,Organic,APAC,11002.25,11329.05
2025-06,ACC-0068,Mid-Market,Organic,APAC,11329.05,11655.85
2025-01,ACC-0069,Mid-Market,Organic,EMEA,0.0,0.0
2025-02,ACC-0069,Mid-Market,Organic,EMEA,0.0,0.0
2025-03,ACC-0069,Mid-Market,Organic,EMEA,0.0,12823.59
2025-04,ACC-0069,Mid-Market,Organic,EMEA,12823.59,12823.59
2025-05,ACC-0069,Mid-Market,Organic,EMEA,12823.59,13208.3
2025-06,ACC-0069,Mid-Market,Organic,EMEA,13208.3,13593.01
2025-01,ACC-0070,Mid-Market,Organic,NA,0.0,0.0
2025-02,ACC-0070,Mid-Market,Organic,NA,0.0,0.0
2025-03,ACC-0070,Mid-Market,Organic,NA,0.0,12359.76
2025-04,ACC-0070,Mid-Market,Organic,NA,12359.76,12606.96
2025-05,ACC-0070,Mid-Market,Organic,NA,12606.96,12977.75
2025-06,ACC-0070,Mid-Market,Organic,NA,12977.75,13348.54
2025-01,ACC-0071,Mid-Market,Organic,APAC,0.0,0.0
2025-02,ACC-0071,Mid-Market,Organic,APAC,0.0,0.0
2025-03,ACC-0071,Mid-Market,Organic,APAC,0.0,12281.96
2025-04,ACC-0071,Mid-Market,Organic,APAC,12281.96,12281.96
2025-05,ACC-0071,Mid-Market,Organic,APAC,12281.96,12650.42
2025-06,ACC-0071,Mid-Market,Organic,APAC,12650.42,13018.88
2025-01,ACC-0072,Mid-Market,Organic,APAC,0.0,0.0
2025-02,ACC-0072,Mid-Market,Organic,APAC,0.0,0.0
2025-03,ACC-0072,Mid-Market,Organic,APAC,0.0,0.0
2025-04,ACC-0072,Mid-Market,Organic,APAC,0.0,12150.13
2025-05,ACC-0072,Mid-Market,Organic,APAC,12150.13,12514.63
2025-06,ACC-0072,Mid-Market,Organic,APAC,12514.63,12879.13
2025-01,ACC-0073,Mid-Market,Organic,EMEA,0.0,0.0
2025-02,ACC-0073,Mid-Market,Organic,EMEA,0.0,0.0
2025-03,ACC-0073,Mid-Market,Organic,EMEA,0.0,0.0
2025-04,ACC-0073,Mid-Market,Organic,EMEA,0.0,0.0
2025-05,ACC-0073,Mid-Market,Organic,EMEA,0.0,11102.62
2025-06,ACC-0073,Mid-Market,Organic,EMEA,11102.62,11435.7
2025-01,ACC-0074,Mid-Market,Organic,NA,0.0,0.0
2025-02,ACC-0074,Mid-Market,Organic,NA,0.0,0.0
2025-03,ACC-0074,Mid-Market,Organic,NA,0.0,0.0
2025-04,ACC-0074,Mid-Market,Organic,NA,0.0,0.0
2025-05,ACC-0074,Mid-Market,Organic,NA,0.0,0.0
2025-06,ACC-0074,Mid-Market,Organic,NA,0.0,13044.4
2025-01,ACC-0075,Mid-Market,Paid Search,NA,0.0,0.0
2025-02,ACC-0075,Mid-Market,Paid Search,NA,0.0,0.0
2025-03,ACC-0075,Mid-Market,Paid Search,NA,0.0,12243.78
2025-04,ACC-0075,Mid-Market,Paid Search,NA,12243.78,12243.78
2025-05,ACC-0075,Mid-Market,Paid Search,NA,12243.78,12488.66
2025-06,ACC-0075,Mid-Market,Paid Search,NA,12488.66,12733.54
2025-01,ACC-0076,Mid-Market,Paid Search,NA,0.0,0.0
2025-02,ACC-0076,Mid-Market,Paid Search,NA,0.0,0.0
2025-03,ACC-0076,Mid-Market,Paid Search,NA,0.0,0.0
2025-04,ACC-0076,Mid-Market,Paid Search,NA,0.0,13468.23
2025-05,ACC-0076,Mid-Market,Paid Search,NA,13468.23,13468.23
2025-06,ACC-0076,Mid-Market,Paid Search,NA,13468.23,13333.55
2025-01,ACC-0077,Mid-Market,Paid Search,EMEA,0.0,0.0
2025-02,ACC-0077,Mid-Market,Paid Search,EMEA,0.0,0.0
2025-03,ACC-0077,Mid-Market,Paid Search,EMEA,0.0,12315.49
2025-04,ACC-0077,Mid-Market,Paid Search,EMEA,12315.49,12561.8
2025-05,ACC-0077,Mid-Market,Paid Search,EMEA,12561.8,12438.65
2025-06,ACC-0077,Mid-Market,Paid Search,EMEA,12438.65,12315.5
2025-01,ACC-0078,Mid-Market,Paid Search,EMEA,0.0,0.0
2025-02,ACC-0078,Mid-Market,Paid Search,EMEA,0.0,0.0
2025-03,ACC-0078,Mid-Market,Paid Search,EMEA,0.0,11701.93
2025-04,ACC-0078,Mid-Market,Paid Search,EMEA,11701.93,11701.93
2025-05,ACC-0078,Mid-Market,Paid Search,EMEA,11701.93,11701.93
2025-06,ACC-0078,Mid-Market,Paid Search,EMEA,11701.93,11818.95
2025-01,ACC-0079,Mid-Market,Paid Search,APAC,0.0,0.0
2025-02,ACC-0079,Mid-Market,Paid Search,APAC,0.0,12995.46
2025-03,ACC-0079,Mid-Market,Paid Search,APAC,12995.46,12995.46
2025-04,ACC-0079,Mid-Market,Paid Search,APAC,12995.46,13255.37
2025-05,ACC-0079,Mid-Market,Paid Search,APAC,13255.37,13515.28
2025-06,ACC-0079,Mid-Market,Paid Search,APAC,13515.28,13385.33
2025-01,ACC-0080,Mid-Market,Paid Search,EMEA,0.0,0.0
2025-02,ACC-0080,Mid-Market,Paid Search,EMEA,0.0,12495.7
2025-03,ACC-0080,Mid-Market,Paid Search,EMEA,12495.7,12620.66
2025-04,ACC-0080,Mid-Market,Paid Search,EMEA,12620.66,12745.62
2025-05,ACC-0080,Mid-Market,Paid Search,EMEA,12745.62,12870.58
2025-06,ACC-0080,Mid-Market,Paid Search,EMEA,12870.58,12995.54
2025-01,ACC-0081,Mid-Market,Paid Search,EMEA,0.0,0.0
2025-02,ACC-0081,Mid-Market,Paid Search,EMEA,0.0,0.0
2025-03,ACC-0081,Mid-Market,Paid Search,EMEA,0.0,0.0
2025-04,ACC-0081,Mid-Market,Paid Search,EMEA,0.0,0.0
2025-05,ACC-0081,Mid-Market,Paid Search,EMEA,0.0,11214.61
2025-06,ACC-0081,Mid-Market,Paid Search,EMEA,11214.61,11438.9
2025-01,ACC-0082,Mid-Market,Paid Search,EMEA,0.0,13179.3
2025-02,ACC-0082,Mid-Market,Paid Search,EMEA,13179.3,13047.51
2025-03,ACC-0082,Mid-Market,Paid Search,EMEA,13047.51,13311.1
2025-04,ACC-0082,Mid-Market,Paid Search,EMEA,13311.1,13442.89
2025-05,ACC-0082,Mid-Market,Paid Search,EMEA,13442.89,13574.68
2025-06,ACC-0082,Mid-Market,Paid Search,EMEA,13574.68,13706.47
2025-01,ACC-0083,Mid-Market,Paid Search,EMEA,0.0,0.0
2025-02,ACC-0083,Mid-Market,Paid Search,EMEA,0.0,0.0
2025-03,ACC-0083,Mid-Market,Paid Search,EMEA,0.0,0.0
2025-04,ACC-0083,Mid-Market,Paid Search,EMEA,0.0,12138.96
2025-05,ACC-0083,Mid-Market,Paid Search,EMEA,12138.96,12138.96
2025-06,ACC-0083,Mid-Market,Paid Search,EMEA,12138.96,12260.35
2025-01,ACC-0084,Mid-Market,Paid Social,APAC,0.0,0.0
2025-02,ACC-0084,Mid-Market,Paid Social,APAC,0.0,0.0
2025-03,ACC-0084,Mid-Market,Paid Social,APAC,0.0,0.0
2025-04,ACC-0084,Mid-Market,Paid Social,APAC,0.0,10050.05
2025-05,ACC-0084,Mid-Market,Paid Social,APAC,10050.05,10251.05
2025-06,ACC-0084,Mid-Market,Paid Social,APAC,10251.05,10351.55
2025-01,ACC-0085,Mid-Market,Paid Social,NA,0.0,0.0
2025-02,ACC-0085,Mid-Market,Paid Social,NA,0.0,0.0
2025-03,ACC-0085,Mid-Market,Paid Social,NA,0.0,0.0
2025-04,ACC-0085,Mid-Market,Paid Social,NA,0.0,0.0
2025-05,ACC-0085,Mid-Market,Paid Social,NA,0.0,12254.02
2025-06,ACC-0085,Mid-Market,Paid Social,NA,12254.02,12499.1
2025-01,ACC-0086,Mid-Market,Paid Social,NA,0.0,0.0
2025-02,ACC-0086,Mid-Market,Paid Social,NA,0.0,0.0
2025-03,ACC-0086,Mid-Market,Paid Social,NA,0.0,0.0
2025-04,ACC-0086,Mid-Market,Paid Social,NA,0.0,0.0
2025-05,ACC-0086,Mid-Market,Paid Social,NA,0.0,11150.05
2025-06,ACC-0086,Mid-Market,Paid Social,NA,11150.05,11038.55
2025-01,ACC-0087,Mid-Market,Paid Social,EMEA,0.0,0.0
2025-02,ACC-0087,Mid-Market,Paid Social,EMEA,0.0,0.0
2025-03,ACC-0087,Mid-Market,Paid Social,EMEA,0.0,11780.72
2025-04,ACC-0087,Mid-Market,Paid Social,EMEA,11780.72,12016.33
2025-05,ACC-0087,Mid-Market,Paid Social,EMEA,12016.33,12134.14
2025-06,ACC-0087,Mid-Market,Paid Social,EMEA,12134.14,12134.14
2025-01,ACC-0088,Mid-Market,Paid Social,NA,0.0,0.0
2025-02,ACC-0088,Mid-Market,Paid Social,NA,0.0,0.0
2025-03,ACC-0088,Mid-Market,Paid Social,NA,0.0,10357.74
2025-04,ACC-0088,Mid-Market,Paid Social,NA,10357.74,10357.74
2025-05,ACC-0088,Mid-Market,Paid Social,NA,10357.74,10461.32
2025-06,ACC-0088,Mid-Market,Paid Social,NA,10461.32,10357.74
2025-01,ACC-0089,Mid-Market,Paid Social,NA,0.0,0.0
2025-02,ACC-0089,Mid-Market,Paid Social,NA,0.0,0.0
2025-03,ACC-0089,Mid-Market,Paid Social,NA,0.0,0.0
2025-04,ACC-0089,Mid-Market,Paid Social,NA,0.0,0.0
2025-05,ACC-0089,Mid-Market,Paid Social,NA,0.0,11221.95
2025-06,ACC-0089,Mid-Market,Paid Social,NA,11221.95,11221.95
2025-01,ACC-0090,Mid-Market,Paid Social,NA,0.0,0.0
2025-02,ACC-0090,Mid-Market,Paid Social,NA,0.0,0.0
2025-03,ACC-0090,Mid-Market,Paid Social,NA,0.0,0.0
2025-04,ACC-0090,Mid-Market,Paid Social,NA,0.0,10985.85
2025-05,ACC-0090,Mid-Market,Paid Social,NA,10985.85,11205.57
2025-06,ACC-0090,Mid-Market,Paid Social,NA,11205.57,11095.71
2025-01,ACC-0091,Mid-Market,Partner,NA,0.0,0.0
2025-02,ACC-0091,Mid-Market,Partner,NA,0.0,0.0
2025-03,ACC-0091,Mid-Market,Partner,NA,0.0,0.0
2025-04,ACC-0091,Mid-Market,Partner,NA,0.0,15704.55
2025-05,ACC-0091,Mid-Market,Partner,NA,15704.55,16960.91
2025-06,ACC-0091,Mid-Market,Partner,NA,16960.91,18217.27
2025-01,ACC-0092,Mid-Market,Partner,EMEA,0.0,0.0
2025-02,ACC-0092,Mid-Market,Partner,EMEA,0.0,14550.2
2025-03,ACC-0092,Mid-Market,Partner,EMEA,14550.2,14841.2
2025-04,ACC-0092,Mid-Market,Partner,EMEA,14841.2,16005.22
2025-05,ACC-0092,Mid-Market,Partner,EMEA,16005.22,17169.24
2025-06,ACC-0092,Mid-Market,Partner,EMEA,17169.24,18333.26
2025-01,ACC-0093,Mid-Market,Partner,NA,0.0,0.0
2025-02,ACC-0093,Mid-Market,Partner,NA,0.0,0.0
2025-03,ACC-0093,Mid-Market,Partner,NA,0.0,0.0
2025-04,ACC-0093,Mid-Market,Partner,NA,0.0,0.0
2025-05,ACC-0093,Mid-Market,Partner,NA,0.0,14288.35
2025-06,ACC-0093,Mid-Market,Partner,NA,14288.35,15431.42
2025-01,ACC-0094,Mid-Market,Partner,NA,0.0,0.0
2025-02,ACC-0094,Mid-Market,Partner,NA,0.0,0.0
2025-03,ACC-0094,Mid-Market,Partner,NA,0.0,15908.24
2025-04,ACC-0094,Mid-Market,Partner,NA,15908.24,17180.9
2025-05,ACC-0094,Mid-Market,Partner,NA,17180.9,18453.56
2025-06,ACC-0094,Mid-Market,Partner,NA,18453.56,19726.22
2025-01,ACC-0095,Mid-Market,Partner,EMEA,0.0,0.0
2025-02,ACC-0095,Mid-Market,Partner,EMEA,0.0,0.0
2025-03,ACC-0095,Mid-Market,Partner,EMEA,0.0,16104.12
2025-04,ACC-0095,Mid-Market,Partner,EMEA,16104.12,17392.45
2025-05,ACC-0095,Mid-Market,Partner,EMEA,17392.45,18680.78
2025-06,ACC-0095,Mid-Market,Partner,EMEA,18680.78,19969.11
2025-01,ACC-0096,Mid-Market,Partner,NA,0.0,0.0
2025-02,ACC-0096,Mid-Market,Partner,NA,0.0,0.0
2025-03,ACC-0096,Mid-Market,Partner,NA,0.0,0.0
2025-04,ACC-0096,Mid-Market,Partner,NA,0.0,15387.59
2025-05,ACC-0096,Mid-Market,Partner,NA,15387.59,16618.6
2025-06,ACC-0096,Mid-Market,Partner,NA,16618.6,17849.61
2025-01,ACC-0097,Mid-Market,Partner,NA,0.0,0.0
2025-02,ACC-0097,Mid-Market,Partner,NA,0.0,0.0
2025-03,ACC-0097,Mid-Market,Partner,NA,0.0,0.0
2025-04,ACC-0097,Mid-Market,Partner,NA,0.0,0.0
2025-05,ACC-0097,Mid-Market,Partner,NA,0.0,16830.49
2025-06,ACC-0097,Mid-Market,Partner,NA,16830.49,18176.93
2025-01,ACC-0098,Mid-Market,Partner,NA,0.0,13922.41
2025-02,ACC-0098,Mid-Market,Partner,NA,13922.41,14061.63
2025-03,ACC-0098,Mid-Market,Partner,NA,14061.63,13922.41
2025-04,ACC-0098,Mid-Market,Partner,NA,13922.41,15036.2
2025-05,ACC-0098,Mid-Market,Partner,NA,15036.2,16149.99
2025-06,ACC-0098,Mid-Market,Partner,NA,16149.99,17263.78
2025-01,ACC-0099,Mid-Market,Partner,APAC,0.0,15162.19
2025-02,ACC-0099,Mid-Market,Partner,APAC,15162.19,15162.19
2025-03,ACC-0099,Mid-Market,Partner,APAC,15162.19,15162.19
2025-04,ACC-0099,Mid-Market,Partner,APAC,15162.19,16375.17
2025-05,ACC-0099,Mid-Market,Partner,APAC,16375.17,17588.15
2025-06,ACC-0099,Mid-Market,Partner,APAC,17588.15,18801.13
2025-01,ACC-0100,Mid-Market,Partner,EMEA,0.0,0.0
2025-02,ACC-0100,Mid-Market,Partner,EMEA,0.0,0.0
2025-03,ACC-0100,Mid-Market,Partner,EMEA,0.0,13391.3
2025-04,ACC-0100,Mid-Market,Partner,EMEA,13391.3,14462.6
2025-05,ACC-0100,Mid-Market,Partner,EMEA,14462.6,15533.9
2025-06,ACC-0100,Mid-Market,Partner,EMEA,15533.9,16605.2
2025-01,ACC-0101,Mid-Market,Partner,APAC,0.0,0.0
2025-02,ACC-0101,Mid-Market,Partner,APAC,0.0,0.0
2025-03,ACC-0101,Mid-Market,Partner,APAC,0.0,0.0
2025-04,ACC-0101,Mid-Market,Partner,APAC,0.0,0.0
2025-05,ACC-0101,Mid-Market,Partner,APAC,0.0,0.0
2025-06,ACC-0101,Mid-Market,Partner,APAC,0.0,12868.88
2025-01,ACC-0102,Mid-Market,Partner,EMEA,0.0,0.0
2025-02,ACC-0102,Mid-Market,Partner,EMEA,0.0,15065.21
2025-03,ACC-0102,Mid-Market,Partner,EMEA,15065.21,14914.56
2025-04,ACC-0102,Mid-Market,Partner,EMEA,14914.56,16119.78
2025-05,ACC-0102,Mid-Market,Partner,EMEA,16119.78,17325.0
2025-06,ACC-0102,Mid-Market,Partner,EMEA,17325.0,18530.22
2025-01,ACC-0103,Mid-Market,Partner,APAC,0.0,0.0
2025-02,ACC-0103,Mid-Market,Partner,APAC,0.0,0.0
2025-03,ACC-0103,Mid-Market,Partner,APAC,0.0,0.0
2025-04,ACC-0103,Mid-Market,Partner,APAC,0.0,14318.11
2025-05,ACC-0103,Mid-Market,Partner,APAC,14318.11,15463.56
2025-06,ACC-0103,Mid-Market,Partner,APAC,15463.56,16609.01
2025-01,ACC-0104,Mid-Market,Partner,APAC,0.0,0.0
2025-02,ACC-0104,Mid-Market,Partner,APAC,0.0,0.0
2025-03,ACC-0104,Mid-Market,Partner,APAC,0.0,14346.5
2025-04,ACC-0104,Mid-Market,Partner,APAC,14346.5,15494.22
2025-05,ACC-0104,Mid-Market,Partner,APAC,15494.22,16641.94
2025-06,ACC-0104,Mid-Market,Partner,APAC,16641.94,17789.66
2025-01,ACC-0105,Mid-Market,Partner,NA,0.0,0.0
2025-02,ACC-0105,Mid-Market,Partner,NA,0.0,15068.31
2025-03,ACC-0105,Mid-Market,Partner,NA,15068.31,15068.31
2025-04,ACC-0105,Mid-Market,Partner,NA,15068.31,0.0
2025-05,ACC-0105,Mid-Market,Partner,NA,0.0,0.0
2025-06,ACC-0105,Mid-Market,Partner,NA,0.0,0.0
2025-01,ACC-0106,Mid-Market,Partner,EMEA,0.0,0.0
2025-02,ACC-0106,Mid-Market,Partner,EMEA,0.0,0.0
2025-03,ACC-0106,Mid-Market,Partner,EMEA,0.0,0.0
2025-04,ACC-0106,Mid-Market,Partner,EMEA,0.0,13359.39
2025-05,ACC-0106,Mid-Market,Partner,EMEA,13359.39,14428.14
2025-06,ACC-0106,Mid-Market,Partner,EMEA,14428.14,15496.89
2025-01,ACC-0107,Mid-Market,Partner,APAC,0.0,0.0
2025-02,ACC-0107,Mid-Market,Partner,APAC,0.0,0.0
2025-03,ACC-0107,Mid-Market,Partner,APAC,0.0,0.0
2025-04,ACC-0107,Mid-Market,Partner,APAC,0.0,0.0
2025-05,ACC-0107,Mid-Market,Partner,APAC,0.0,12897.4
2025-06,ACC-0107,Mid-Market,Partner,APAC,12897.4,13929.19
2025-01,ACC-0108,Mid-Market,Partner,EMEA,0.0,0.0
2025-02,ACC-0108,Mid-Market,Partner,EMEA,0.0,0.0
2025-03,ACC-0108,Mid-Market,Partner,EMEA,0.0,0.0
2025-04,ACC-0108,Mid-Market,Partner,EMEA,0.0,0.0
2025-05,ACC-0108,Mid-Market,Partner,EMEA,0.0,14549.26
2025-06,ACC-0108,Mid-Market,Partner,EMEA,14549.26,15713.2
2025-01,ACC-0109,Enterprise,Organic,EMEA,0.0,0.0
2025-02,ACC-0109,Enterprise,Organic,EMEA,0.0,0.0
2025-03,ACC-0109,Enterprise,Organic,EMEA,0.0,44219.78
2025-04,ACC-0109,Enterprise,Organic,EMEA,44219.78,43777.58
2025-05,ACC-0109,Enterprise,Organic,EMEA,43777.58,44661.98
2025-06,ACC-0109,Enterprise,Organic,EMEA,44661.98,45104.18
2025-01,ACC-0110,Enterprise,Organic,NA,0.0,0.0
2025-02,ACC-0110,Enterprise,Organic,NA,0.0,0.0
2025-03,ACC-0110,Enterprise,Organic,NA,0.0,0.0
2025-04,ACC-0110,Enterprise,Organic,NA,0.0,0.0
2025-05,ACC-0110,Enterprise,Organic,NA,0.0,0.0
2025-06,ACC-0110,Enterprise,Organic,NA,0.0,43544.4
2025-01,ACC-0111,Enterprise,Organic,APAC,0.0,0.0
2025-02,ACC-0111,Enterprise,Organic,APAC,0.0,47496.59
2025-03,ACC-0111,Enterprise,Organic,APAC,47496.59,47971.56
2025-04,ACC-0111,Enterprise,Organic,APAC,47971.56,48446.53
2025-05,ACC-0111,Enterprise,Organic,APAC,48446.53,48446.53
2025-06,ACC-0111,Enterprise,Organic,APAC,48446.53,48921.5
2025-01,ACC-0112,Enterprise,Organic,NA,0.0,0.0
2025-02,ACC-0112,Enterprise,Organic,NA,0.0,0.0
2025-03,ACC-0112,Enterprise,Organic,NA,0.0,0.0
2025-04,ACC-0112,Enterprise,Organic,NA,0.0,54576.75
2025-05,ACC-0112,Enterprise,Organic,NA,54576.75,55668.29
2025-06,ACC-0112,Enterprise,Organic,NA,55668.29,56214.06
2025-01,ACC-0113,Enterprise,Paid Search,NA,0.0,0.0
2025-02,ACC-0113,Enterprise,Paid Search,NA,0.0,0.0
2025-03,ACC-0113,Enterprise,Paid Search,NA,0.0,0.0
2025-04,ACC-0113,Enterprise,Paid Search,NA,0.0,51358.77
2025-05,ACC-0113,Enterprise,Paid Search,NA,51358.77,51358.77
2025-06,ACC-0113,Enterprise,Paid Search,NA,51358.77,51358.77
2025-01,ACC-0114,Enterprise,Paid Search,EMEA,0.0,0.0
2025-02,ACC-0114,Enterprise,Paid Search,EMEA,0.0,0.0
2025-03,ACC-0114,Enterprise,Paid Search,EMEA,0.0,0.0
2025-04,ACC-0114,Enterprise,Paid Search,EMEA,0.0,45744.51
2025-05,ACC-0114,Enterprise,Paid Search,EMEA,45744.51,46201.96
2025-06,ACC-0114,Enterprise,Paid Search,EMEA,46201.96,46201.96
2025-01,ACC-0115,Enterprise,Paid Search,EMEA,0.0,0.0
2025-02,ACC-0115,Enterprise,Paid Search,EMEA,0.0,0.0
2025-03,ACC-0115,Enterprise,Paid Search,EMEA,0.0,0.0
2025-04,ACC-0115,Enterprise,Paid Search,EMEA,0.0,0.0
2025-05,ACC-0115,Enterprise,Paid Search,EMEA,0.0,49717.07
2025-06,ACC-0115,Enterprise,Paid Search,EMEA,49717.07,49219.9
2025-01,ACC-0116,Enterprise,Paid Social,NA,0.0,0.0
2025-02,ACC-0116,Enterprise,Paid Social,NA,0.0,0.0
2025-03,ACC-0116,Enterprise,Paid Social,NA,0.0,0.0
2025-04,ACC-0116,Enterprise,Paid Social,NA,0.0,43129.12
2025-05,ACC-0116,Enterprise,Paid Social,NA,43129.12,43560.41
2025-06,ACC-0116,Enterprise,Paid Social,NA,43560.41,43129.12
2025-01,ACC-0117,Enterprise,Paid Social,NA,0.0,0.0
2025-02,ACC-0117,Enterprise,Paid Social,NA,0.0,45659.94
2025-03,ACC-0117,Enterprise,Paid Social,NA,45659.94,46116.54
2025-04,ACC-0117,Enterprise,Paid Social,NA,46116.54,46573.14
2025-05,ACC-0117,Enterprise,Paid Social,NA,46573.14,46573.14
2025-06,ACC-0117,Enterprise,Paid Social,NA,46573.14,47486.34
2025-01,ACC-0118,Enterprise,Partner,EMEA,0.0,0.0
2025-02,ACC-0118,Enterprise,Partner,EMEA,0.0,51215.85
2025-03,ACC-0118,Enterprise,Partner,EMEA,51215.85,53264.48
2025-04,ACC-0118,Enterprise,Partner,EMEA,53264.48,52752.32
2025-05,ACC-0118,Enterprise,Partner,EMEA,52752.32,54800.95
2025-06,ACC-0118,Enterprise,Partner,EMEA,54800.95,55313.11
2025-01,ACC-0119,Enterprise,Partner,EMEA,0.0,0.0
2025-02,ACC-0119,Enterprise,Partner,EMEA,0.0,0.0
2025-03,ACC-0119,Enterprise,Partner,EMEA,0.0,47996.64
2025-04,ACC-0119,Enterprise,Partner,EMEA,47996.64,47516.67
2025-05,ACC-0119,Enterprise,Partner,EMEA,47516.67,49436.54
2025-06,ACC-0119,Enterprise,Partner,EMEA,49436.54,50396.47
2025-01,ACC-0120,Enterprise,Partner,NA,0.0,0.0
2025-02,ACC-0120,Enterprise,Partner,NA,0.0,48120.81
2025-03,ACC-0120,Enterprise,Partner,NA,48120.81,50045.64
2025-04,ACC-0120,Enterprise,Partner,NA,50045.64,50045.64
2025-05,ACC-0120,Enterprise,Partner,NA,50045.64,51970.47
2025-06,ACC-0120,Enterprise,Partner,NA,51970.47,52932.89
2025-01,ACC-0121,Enterprise,Partner,NA,0.0,0.0
2025-02,ACC-0121,Enterprise,Partner,NA,0.0,0.0
2025-03,ACC-0121,Enterprise,Partner,NA,0.0,0.0
2025-04,ACC-0121,Enterprise,Partner,NA,0.0,58983.69
2025-05,ACC-0121,Enterprise,Partner,NA,58983.69,61343.04
2025-06,ACC-0121,Enterprise,Partner,NA,61343.04,62522.71
2025-01,ACC-0122,Enterprise,Partner,NA,0.0,0.0
2025-02,ACC-0122,Enterprise,Partner,NA,0.0,0.0
2025-03,ACC-0122,Enterprise,Partner,NA,0.0,53839.03
2025-04,ACC-0122,Enterprise,Partner,NA,53839.03,53300.64
2025-05,ACC-0122,Enterprise,Partner,NA,53300.64,55454.2
2025-06,ACC-0122,Enterprise,Partner,NA,55454.2,56530.98
2025-01,ACC-0123,Enterprise,Partner,NA,0.0,0.0
2025-02,ACC-0123,Enterprise,Partner,NA,0.0,58371.93
2025-03,ACC-0123,Enterprise,Partner,NA,58371.93,60706.81
2025-04,ACC-0123,Enterprise,Partner,NA,60706.81,61290.53
2025-05,ACC-0123,Enterprise,Partner,NA,61290.53,63625.41
2025-06,ACC-0123,Enterprise,Partner,NA,63625.41,63625.41
2025-01,ACC-0124,Enterprise,Partner,NA,0.0,0.0
2025-02,ACC-0124,Enterprise,Partner,NA,0.0,49489.41
2025-03,ACC-0124,Enterprise,Partner,NA,49489.41,51468.99
2025-04,ACC-0124,Enterprise,Partner,NA,51468.99,51963.88
2025-05,ACC-0124,Enterprise,Partner,NA,51963.88,53943.46
2025-06,ACC-0124,Enterprise,Partner,NA,53943.46,53943.46
